Ticker,InvName,B3Name,nosName1,EDJ,nosName
ABCB4,ABC BRASIL PN,ABC BRASIL PN N2,ABCBRASILPNN2,ABCBRASILPNEDJN2,ABCBRASILPNN
AGRO3,BRASILAGRO ON,BRASILAGRO ON NM,BRASILAGROONNM,BRASILAGROONEDJNM,BRASILAGROONN
RAIL3,RUMO ON NM,RUMO S.A. ON NM,RUMOS.A.ONNM,RUMOS.A.ONEDJNM,RUMOS.A.ONN
ALPA3,ALPARGATAS ON,ALPARGATAS ON N1,ALPARGATASONN1,ALPARGATASONEDJN1,ALPARGATASONN
ALPA4,ALPARGATAS PN,ALPARGATAS PN N1,ALPARGATASPNN1,ALPARGATASPNEDJN1,ALPARGATASPNN
ALSO3,Aliansce Sonae,ALIANSCSONAEON NM,ALIANSCSONAEONNM,ALIANSCSONAEONEDJNM,ALIANSCSONAEONN
AMAR3,LOJAS MARISA ON,LOJAS MARISAON NM,LOJASMARISAONNM,LOJASMARISAONEDJNM,LOJASMARISAONN
ABEV3,AMBEV S/A ON,AMBEV S/A ON,AMBEVS/AON,AMBEVS/AEDJON,AMBEVS/AN
ADHM3,Advanced Digital Health,"ADVANCED,DH ON","ADVANCED,DHON","ADVANCED,DHEDJON","ADVANCED,DHN"
ARZZ3,AREZZO CO ON,AREZZO CO ON NM,AREZZOCOONNM,AREZZOCOONEDJNM,AREZZOCOONN
BBAS3,BRASIL ON,BRASIL ON NM,BRASILONNM,BRASILONEDJNM,BRASILONN
BBDC3,BRADESCO ON,BRADESCO ON N1,BRADESCOONN1,BRADESCOONEDJN1,BRADESCOONN
BBDC4,BRADESCO PN EJ N1,BRADESCO PN N1,BRADESCOPNN1,BRADESCOPNEDJN1,BRADESCOPNN
BBRK3,BR BROKERS ON,BR BROKERS ON NM,BRBROKERSONNM,BRBROKERSONEDJNM,BRBROKERSONN
BEEF3,MINERVA ON,MINERVA ON NM,MINERVAONNM,MINERVAONEDJNM,MINERVAONN
BPAN4,BANCO PAN SA PN,BANCO PAN PN N1,BANCOPANPNN1,BANCOPANPNEDJN1,BANCOPANPNN
BRAP3,BRADESPAR ON,BRADESPAR ON N1,BRADESPARONN1,BRADESPARONEDJN1,BRADESPARONN
BRAP4,BRADESPAR PN,BRADESPAR PN N1,BRADESPARPNN1,BRADESPARPNEDJN1,BRADESPARPNN
BRFS3,BRF SA ON,BRF SA ON NM,BRFSAONNM,BRFSAONEDJNM,BRFSAONN
APER3,BR Insurance Corretora,ALPER S.A. ON NM,ALPERS.A.ONNM,ALPERS.A.ONEDJNM,ALPERS.A.ONN
BRKM3,BRASKEM ON,BRASKEM ON N1,BRASKEMONN1,BRASKEMONEDJN1,BRASKEMONN
BRKM5,BRASKEM PNA,BRASKEM PNA N1,BRASKEMPNAN1,BRASKEMPNAEDJN1,BRASKEMPNAN
BRML3,BR MALLS PAR ON,BR MALLS PARON NM,BRMALLSPARONNM,BRMALLSPARONEDJNM,BRMALLSPARONN
BRPR3,BR PROPERT ON,BR PROPERT ON NM,BRPROPERTONNM,BRPROPERTONEDJNM,BRPROPERTONN
BRSR6,BANRISUL PNB,BANRISUL PNB N1,BANRISULPNBN1,BANRISULPNBEDJN1,BANRISULPNBN
OIBR3,OI ON N1,OI ON N1,OIONN1,OIONEDJN1,OIONN
OIBR4,OI PN,OI PN N1,OIPNN1,OIPNEDJN1,OIPNN
BTOW3,B2W DIGITAL ON,B2W DIGITAL ON NM,B2WDIGITALONNM,B2WDIGITALONEDJNM,B2WDIGITALONN
B3SA3,B3 SA Brasil Bolsa Balcao,B3 ON NM,B3ONNM,B3ONEDJNM,B3ONN
CARD3,CSU CARDSYST ON,CSU CARDSYSTON NM,CSUCARDSYSTONNM,CSUCARDSYSTONEDJNM,CSUCARDSYSTONN
CCPR3,CYRE COM-CCP ON,CYRE COM-CCPON NM,CYRECOM-CCPONNM,CYRECOM-CCPONEDJNM,CYRECOM-CCPONN
CCRO3,CCR SA ON,CCR SA ON NM,CCRSAONNM,CCRSAONEDJNM,CCRSAONN
CEDO4,CEDRO PN,CEDRO PN N1,CEDROPNN1,CEDROPNEDJN1,CEDROPNN
CEED3,CEEE-D ON,CEEE-D ON N1,CEEE-DONN1,CEEE-DONEDJN1,CEEE-DONN
CESP6,CESP PNB,CESP PNB N1,CESPPNBN1,CESPPNBEDJN1,CESPPNBN
CGAS5,COMGAS PNA,COMGAS PNA,COMGASPNA,COMGASPEDJNA,COMGASPN
CGRA4,GRAZZIOTIN PN,GRAZZIOTIN PN,GRAZZIOTINPN,GRAZZIOTINEDJPN,GRAZZIOTINN
CIEL3,CIELO ON,CIELO ON NM,CIELOONNM,CIELOONEDJNM,CIELOONN
CMIG3,CEMIG ON,CEMIG ON N1,CEMIGONN1,CEMIGONEDJN1,CEMIGONN
CMIG4,CEMIG PN,CEMIG PN N1,CEMIGPNN1,CEMIGPNEDJN1,CEMIGPNN
COCE5,COELCE PNA,COELCE PNA,COELCEPNA,COELCEPEDJNA,COELCEPN
CPFE3,CPFL ENERGIAON NM,CPFL ENERGIAON NM,CPFLENERGIAONNM,CPFLENERGIAONEDJNM,CPFLENERGIAONN
CPLE3,COPEL ON,COPEL ON N1,COPELONN1,COPELONEDJN1,COPELONN
CPLE6,COPEL PNB,COPEL PNB N1,COPELPNBN1,COPELPNBEDJN1,COPELPNBN
CRDE3,CR2 ON,CR2 ON,CR2ON,CR2EDJON,CR2N
CSAN3,COSAN ON,COSAN ON NM,COSANONNM,COSANONEDJNM,COSANONN
CSMG3,COPASA ON,COPASA ON NM,COPASAONNM,COPASAONEDJNM,COPASAONN
CSNA3,SID NACIONAL ON,SID NACIONALON,SIDNACIONALON,SIDNACIONALEDJON,SIDNACIONALN
CTNM4,COTEMINAS PN,COTEMINAS PN,COTEMINASPN,COTEMINASEDJPN,COTEMINASN
CYRE3,CYRELA REALT ON,CYRELA REALTON NM,CYRELAREALTONNM,CYRELAREALTONEDJNM,CYRELAREALTONN
DASA3,DASA ON,DASA ON,DASAON,DASAEDJON,DASAN
DIRR3,DIRECIONAL ON,DIRECIONAL ON NM,DIRECIONALONNM,DIRECIONALONEDJNM,DIRECIONALONN
DTEX3,DURATEX ON,DURATEX ON NM,DURATEXONNM,DURATEXONEDJNM,DURATEXONN
ECOR3,ECORODOVIAS ON,ECORODOVIAS ON NM,ECORODOVIASONNM,ECORODOVIASONEDJNM,ECORODOVIASONN
EEEL3,CEEE-GT ON,CEEE-GT ON N1,CEEE-GTONN1,CEEE-GTONEDJN1,CEEE-GTONN
ELET3,ELETROBRAS ON,ELETROBRAS ON N1,ELETROBRASONN1,ELETROBRASONEDJN1,ELETROBRASONN
ELET6,ELETROBRAS PNB,ELETROBRAS PNB N1,ELETROBRASPNBN1,ELETROBRASPNBEDJN1,ELETROBRASPNBN
EMBR3,EMBRAER ON,EMBRAER ON NM,EMBRAERONNM,EMBRAERONEDJNM,EMBRAERONN
ENBR3,ENERGIAS BR ON,ENERGIAS BR ON NM,ENERGIASBRONNM,ENERGIASBRONEDJNM,ENERGIASBRONN
ENGI4,ENERGISA PN,ENERGISA PN N2,ENERGISAPNN2,ENERGISAPNEDJN2,ENERGISAPNN
EQTL3,EQUATORIAL ON,EQUATORIAL ON NM,EQUATORIALONNM,EQUATORIALONEDJNM,EQUATORIALONN
YDUQ3,YDUQS Part ON,YDUQS PART ON NM,YDUQSPARTONNM,YDUQSPARTONEDJNM,YDUQSPARTONN
ETER3,ETERNIT ON,ETERNIT ON NM,ETERNITONNM,ETERNITONEDJNM,ETERNITONN
EUCA4,EUCATEX PN,EUCATEX PN N1,EUCATEXPNN1,EUCATEXPNEDJN1,EUCATEXPNN
EVEN3,EVEN ON,EVEN ON NM,EVENONNM,EVENONEDJNM,EVENONN
EZTC3,EZTEC ON,EZTEC ON NM,EZTECONNM,EZTECONEDJNM,EZTECONN
FESA4,FERBASA PN,FERBASA PN N1,FERBASAPNN1,FERBASAPNEDJN1,FERBASAPNN
FHER3,FER HERINGER ON,FER HERINGERON NM,FERHERINGERONNM,FERHERINGERONEDJNM,FERHERINGERONN
TASA4,Taurus Armas PN,TAURUS ARMASPN N2,TAURUSARMASPNN2,TAURUSARMASPNEDJN2,TAURUSARMASPNN
FLRY3,FLEURY ON,FLEURY ON NM,FLEURYONNM,FLEURYONEDJNM,FLEURYONN
FRIO3,METALFRIO ON,METALFRIO ON NM,METALFRIOONNM,METALFRIOONEDJNM,METALFRIOONN
TIET3,AES TIETE E ON N2,AES TIETE E ON N2,AESTIETEEONN2,AESTIETEEONEDJN2,AESTIETEEONN
TIET4,AES TIETE E PN N2,AES TIETE E PN N2,AESTIETEEPNN2,AESTIETEEPNEDJN2,AESTIETEEPNN
GFSA3,GAFISA ON,GAFISA ON NM,GAFISAONNM,GAFISAONEDJNM,GAFISAONN
GGBR3,GERDAU ON,GERDAU ON N1,GERDAUONN1,GERDAUONEDJN1,GERDAUONN
GGBR4,GERDAU PN N1,GERDAU PN N1,GERDAUPNN1,GERDAUPNEDJN1,GERDAUPNN
GOAU3,GERDAU MET ON,GERDAU MET ON N1,GERDAUMETONN1,GERDAUMETONEDJN1,GERDAUMETONN
GOAU4,GERDAU MET PN,GERDAU MET PN N1,GERDAUMETPNN1,GERDAUMETPNEDJN1,GERDAUMETPNN
GOLL4,GOL PN N2,GOL PN N2,GOLPNN2,GOLPNEDJN2,GOLPNN
GRND3,GRENDENE ON,GRENDENE ON NM,GRENDENEONNM,GRENDENEONEDJNM,GRENDENEONN
GSHP3,GENERALSHOPP ON,GENERALSHOPPON NM,GENERALSHOPPONNM,GENERALSHOPPONEDJNM,GENERALSHOPPONN
HBOR3,HELBOR ON,HELBOR ON NM,HELBORONNM,HELBORONEDJNM,HELBORONN
HGTX3,CIA HERING ON,CIA HERING ON NM,CIAHERINGONNM,CIAHERINGONEDJNM,CIAHERINGONN
PRIO3,PETRORIO ON NM,PETRORIO ON NM,PETRORIOONNM,PETRORIOONEDJNM,PETRORIOONN
HYPE3,HYPERMARCAS ON,HYPERA ON NM,HYPERAONNM,HYPERAONEDJNM,HYPERAONN
IDVL4,INDUSVAL PN,INDUSVAL PN,INDUSVALPN,INDUSVALEDJPN,INDUSVALN
IGTA3,IGUATEMI ON,IGUATEMI ON NM,IGUATEMIONNM,IGUATEMIONEDJNM,IGUATEMIONN
MEAL3,International Meal Company,IMC S/A ON NM,IMCS/AONNM,IMCS/AONEDJNM,IMCS/AONN
INEP3,INEPAR ON,INEPAR ON,INEPARON,INEPAREDJON,INEPARN
INEP4,INEPAR PN,INEPAR PN,INEPARPN,INEPAREDJPN,INEPARN
ITSA3,ITAUSA ON,ITAUSA ON N1,ITAUSAONN1,ITAUSAONEDJN1,ITAUSAONN
ITSA4,ITAUSA PN,ITAUSA PN N1,ITAUSAPNN1,ITAUSAPNEDJN1,ITAUSAPNN
ITUB3,ITAUUNIBANCO ON,ITAUUNIBANCOON N1,ITAUUNIBANCOONN1,ITAUUNIBANCOONEDJN1,ITAUUNIBANCOONN
ITUB4,ITAUUNIBANCOPN EB N1,ITAUUNIBANCOPN N1,ITAUUNIBANCOPNN1,ITAUUNIBANCOPNEDJN1,ITAUUNIBANCOPNN
ITUB4,ITAUUNIBANCO PN ED N1,ITAUUNIBANCO PNED N1,ITAUUNIBANCOPNEDN1,ITAUUNIBANCOPNEDEDJN1,ITAUUNIBANCOPNEDN
JBSS3,JBS ON,JBS ON NM,JBSONNM,JBSONEDJNM,JBSONN
JFEN3,JOAO FORTES ON,JOAO FORTES ON,JOAOFORTESON,JOAOFORTESEDJON,JOAOFORTESN
JHSF3,JHSF PART ON,JHSF PART ON NM,JHSFPARTONNM,JHSFPARTONEDJNM,JHSFPARTONN
JSLG3,JSL ON,JSL ON NM,JSLONNM,JSLONEDJNM,JSLONN
KEPL3,KEPLER WEBER ON,KEPLER WEBERON,KEPLERWEBERON,KEPLERWEBEREDJON,KEPLERWEBERN
KLBN4,KLABIN S/A PN,KLABIN S/A PN N2,KLABINS/APNN2,KLABINS/APNEDJN2,KLABINS/APNN
LAME3,LOJAS AMERIC ON,LOJAS AMERICON N1,LOJASAMERICONN1,LOJASAMERICONEDJN1,LOJASAMERICONN
LAME4,LOJAS AMERIC PN,LOJAS AMERICPN N1,LOJASAMERICPNN1,LOJASAMERICPNEDJN1,LOJASAMERICPNN
LEVE3,METAL LEVE ON,METAL LEVE ON NM,METALLEVEONNM,METALLEVEONEDJNM,METALLEVEONN
LIGT3,LIGHT S/A ON,LIGHT S/A ON NM,LIGHTS/AONNM,LIGHTS/AONEDJNM,LIGHTS/AONN
LLIS3,LE LIS BLANC ON,LE LIS BLANCON NM,LELISBLANCONNM,LELISBLANCONEDJNM,LELISBLANCONN
LOGN3,LOG-IN ON,LOG-IN ON NM,LOG-INONNM,LOG-INONEDJNM,LOG-INONN
LPSB3,LOPES BRASIL ON,LOPES BRASILON NM,LOPESBRASILONNM,LOPESBRASILONEDJNM,LOPESBRASILONN
LREN3,LOJAS RENNER ON,LOJAS RENNERON NM,LOJASRENNERONNM,LOJASRENNERONEDJNM,LOJASRENNERONN
LUPA3,LUPATECH ON,LUPATECH ON NM,LUPATECHONNM,LUPATECHONEDJNM,LUPATECHONN
MDIA3,M.DIASBRANCO ON,M.DIASBRANCOON NM,M.DIASBRANCOONNM,M.DIASBRANCOONEDJNM,M.DIASBRANCOONN
MGEL4,MANGELS INDL PN,MANGELS INDLPN,MANGELSINDLPN,MANGELSINDLEDJPN,MANGELSINDLN
MGLU3,MAGAZ LUIZA ON,MAGAZ LUIZA ON NM,MAGAZLUIZAONNM,MAGAZLUIZAONEDJNM,MAGAZLUIZAONN
MILS3,MILLS ON,MILLS ON NM,MILLSONNM,MILLSONEDJNM,MILLSONN
MMXM3,MMX MINER ON,MMX MINER ON NM,MMXMINERONNM,MMXMINERONEDJNM,MMXMINERONN
ENEV3,ENEVA ON NM,ENEVA ON NM,ENEVAONNM,ENEVAONEDJNM,ENEVAONN
MRFG3,MARFRIG ON,MARFRIG ON NM,MARFRIGONNM,MARFRIGONEDJNM,MARFRIGONN
MRVE3,MRV ON,MRV ON NM,MRVONNM,MRVONEDJNM,MRVONN
MTIG4,METAL IGUACU PN,METAL IGUACUPN,METALIGUACUPN,METALIGUACUEDJPN,METALIGUACUN
MULT3,MULTIPLAN ON,MULTIPLAN ON N2,MULTIPLANONN2,MULTIPLANONEDJN2,MULTIPLANONN
MYPK3,IOCHP-MAXION ON,IOCHP-MAXIONON NM,IOCHP-MAXIONONNM,IOCHP-MAXIONONEDJNM,IOCHP-MAXIONONN
ODPV3,ODONTOPREV ON,ODONTOPREV ON NM,ODONTOPREVONNM,ODONTOPREVONEDJNM,ODONTOPREVONN
OSXB3,OSX BRASIL ON,OSX BRASIL ON NM,OSXBRASILONNM,OSXBRASILONEDJNM,OSXBRASILONN
PDGR3,PDG REALT ON,PDG REALT ON NM,PDGREALTONNM,PDGREALTONEDJNM,PDGREALTONN
PETR3,PETROBRAS ON,PETROBRAS ON N2,PETROBRASONN2,PETROBRASONEDJN2,PETROBRASONN
PETR4,PETROBRAS PN,PETROBRAS PN N2,PETROBRASPNN2,PETROBRASPNEDJN2,PETROBRASPNN
PFRM3,PROFARMA ON,PROFARMA ON NM,PROFARMAONNM,PROFARMAONEDJNM,PROFARMAONN
PINE4,PINE PN,PINE PN N2,PINEPNN2,PINEPNEDJN2,PINEPNN
PLAS3,PLASCAR PART ON,PLASCAR PARTON,PLASCARPARTON,PLASCARPARTEDJON,PLASCARPARTN
PMAM3,PARANAPANEMA ON,PARANAPANEMAON NM,PARANAPANEMAONNM,PARANAPANEMAONEDJNM,PARANAPANEMAONN
POMO3,MARCOPOLO ON,MARCOPOLO ON N2,MARCOPOLOONN2,MARCOPOLOONEDJN2,MARCOPOLOONN
POMO4,MARCOPOLO PN,MARCOPOLO PN N2,MARCOPOLOPNN2,MARCOPOLOPNEDJN2,MARCOPOLOPNN
POSI3,POSITIVO INF ON,POSITIVO TECON NM,POSITIVOTECONNM,POSITIVOTECONEDJNM,POSITIVOTECONN
PSSA3,PORTO SEGURO ON,PORTO SEGUROON NM,PORTOSEGUROONNM,PORTOSEGUROONEDJNM,PORTOSEGUROONN
PTBL3,PORTOBELLO ON,PORTOBELLO ON NM,PORTOBELLOONNM,PORTOBELLOONEDJNM,PORTOBELLOONN
PTNT4,PETTENATI PN,PETTENATI PN,PETTENATIPN,PETTENATIEDJPN,PETTENATIN
ENAT3,Enauta ON,ENAUTA PART ON NM,ENAUTAPARTONNM,ENAUTAPARTONEDJNM,ENAUTAPARTONN
QUAL3,QUALICORP ON,QUALICORP ON NM,QUALICORPONNM,QUALICORPONEDJNM,QUALICORPONN
RAPT3,RANDON PART ON,RANDON PART ON N1,RANDONPARTONN1,RANDONPARTONEDJN1,RANDONPARTONN
RAPT4,RANDON PART PN,RANDON PART PN N1,RANDONPARTPNN1,RANDONPARTPNEDJN1,RANDONPARTPNN
RDNI3,RODOBENSIMOB ON,RNI ON NM,RNIONNM,RNIONEDJNM,RNIONN
RENT3,LOCALIZA ON,LOCALIZA ON NM,LOCALIZAONNM,LOCALIZAONEDJNM,LOCALIZAONN
FRTA3,Pomifrutas,POMIFRUTAS ON NM,POMIFRUTASONNM,POMIFRUTASONEDJNM,POMIFRUTASONN
RNEW11,RENOVA UNT,RENOVA UNT N2,RENOVAUNTN2,RENOVAUNTEDJN2,RENOVAUNTN
ROMI3,INDS ROMI ON,INDS ROMI ON NM,INDSROMIONNM,INDSROMIONEDJNM,INDSROMIONN
RSID3,ROSSI RESID ON,ROSSI RESID ON NM,ROSSIRESIDONNM,ROSSIRESIDONEDJNM,ROSSIRESIDONN
SANB11,SANTANDER BR UNT,SANTANDER BRUNT,SANTANDERBRUNT,SANTANDERBRUEDJNT,SANTANDERBRUN
SBSP3,SABESP ON,SABESP ON NM,SABESPONNM,SABESPONEDJNM,SABESPONN
SCAR3,SAO CARLOS ON,SAO CARLOS ON NM,SAOCARLOSONNM,SAOCARLOSONEDJNM,SAOCARLOSONN
SGPS3,SPRINGS ON,SPRINGS ON NM,SPRINGSONNM,SPRINGSONEDJNM,SPRINGSONN
SHOW3,TIME FOR FUN ON,TIME FOR FUNON NM,TIMEFORFUNONNM,TIMEFORFUNONEDJNM,TIMEFORFUNONN
SLCE3,SLC AGRICOLA ON,SLC AGRICOLAON NM,SLCAGRICOLAONNM,SLCAGRICOLAONEDJNM,SLCAGRICOLAONN
SLED4,SARAIVA LIVR PN,SARAIVA LIVRPN N2,SARAIVALIVRPNN2,SARAIVALIVRPNEDJN2,SARAIVALIVRPNN
SMTO3,SAO MARTINHO ON,SAO MARTINHOON NM,SAOMARTINHOONNM,SAOMARTINHOONEDJNM,SAOMARTINHOONN
SULA11,SUL AMERICA UNT,SUL AMERICA UNT N2,SULAMERICAUNTN2,SULAMERICAUNTEDJN2,SULAMERICAUNTN
EGIE3,ENGIE BRASILON NM,ENGIE BRASILON NM,ENGIEBRASILONNM,ENGIEBRASILONEDJNM,ENGIEBRASILONN
TCSA3,TECNISA ON,TECNISA ON NM,TECNISAONNM,TECNISAONEDJNM,TECNISAONN
TECN3,TECHNOS ON,TECHNOS ON NM,TECHNOSONNM,TECHNOSONEDJNM,TECHNOSONN
TEKA4,TEKA PN,TEKA PN,TEKAPN,TEKAEDJPN,TEKAN
TGMA3,TEGMA ON,TEGMA ON NM,TEGMAONNM,TEGMAONEDJNM,TEGMAONN
TOTS3,TOTVS ON,TOTVS ON NM,TOTVSONNM,TOTVSONEDJNM,TOTVSONN
TPIS3,TRIUNFO PART ON,TRIUNFO PARTON NM,TRIUNFOPARTONNM,TRIUNFOPARTONEDJNM,TRIUNFOPARTONN
TRIS3,TRISUL ON,TRISUL ON NM,TRISULONNM,TRISULONEDJNM,TRISULONN
TAEE11,TAESA UNT,TAESA UNT N2,TAESAUNTN2,TAESAUNTEDJN2,TAESAUNTN
TRPL4,TRAN PAULIST PN,TRAN PAULISTPN N1,TRANPAULISTPNN1,TRANPAULISTPNEDJN1,TRANPAULISTPNN
UGPA3,ULTRAPAR ON NM,ULTRAPAR ON NM,ULTRAPARONNM,ULTRAPARONEDJNM,ULTRAPARONN
UNIP3,UNIPAR ON,UNIPAR ON,UNIPARON,UNIPAREDJON,UNIPARN
UNIP6,UNIPAR PNB,UNIPAR PNB,UNIPARPNB,UNIPARPEDJNB,UNIPARPN
USIM3,USIMINAS ON,USIMINAS ON N1,USIMINASONN1,USIMINASONEDJN1,USIMINASONN
USIM5,USIMINAS PNA,USIMINAS PNA N1,USIMINASPNAN1,USIMINASPNAEDJN1,USIMINASPNAN
TESA3,TERRA SANTA ON,TERRA SANTA ON NM,TERRASANTAONNM,TERRASANTAONEDJNM,TERRASANTAONN
VALE3,VALE ON,VALE ON NM,VALEONNM,VALEONEDJNM,VALEONN
VALE3,VALE ON EDJ NM,VALE ON EDJNM,VALEONEDJNM,VALEONEDJEDJNM,VALEONEDJN
VIVR3,VIVER ON,VIVER ON NM,VIVERONNM,VIVERONEDJNM,VIVERONN
VIVT3,TELEF BRASIL ON,TELEF BRASILON,TELEFBRASILON,TELEFBRASILEDJON,TELEFBRASILN
VLID3,VALID ON,VALID ON NM,VALIDONNM,VALIDONEDJNM,VALIDONN
WEGE3,WEG ON,WEG ON NM,WEGONNM,WEGONEDJNM,WEGONN
BRSR5,BANRISUL PNA,BANRISUL PNA N1,BANRISULPNAN1,BANRISULPNAEDJN1,BANRISULPNAN
CESP5,CESP PNA,CESP PNA N1,CESPPNAN1,CESPPNAEDJN1,CESPPNAN
SANB4,SANTANDER BRPN,SANTANDER BRPN,SANTANDERBRPN,SANTANDERBREDJPN,SANTANDERBRN
STBP3,Santos Brasil Participacoes,SANTOS BRP ON NM,SANTOSBRPONNM,SANTOSBRPONEDJNM,SANTOSBRPONN
CESP3,CESP ON,CESP ON N1,CESPONN1,CESPONEDJN1,CESPONN
CGRA3,GRAZZIOTIN ON,GRAZZIOTIN ON,GRAZZIOTINON,GRAZZIOTINEDJON,GRAZZIOTINN
CLSC4,CELESC PN,CELESC PN N2,CELESCPNN2,CELESCPNEDJN2,CELESCPNN
COCE3,COELCE ON,COELCE ON,COELCEON,COELCEEDJON,COELCEN
TASA3,Taurus Armas ON,TAURUS ARMASON N2,TAURUSARMASONN2,TAURUSARMASONEDJN2,TAURUSARMASONN
COGN3,Cogna Educacao,COGNA ON ON NM,COGNAONONNM,COGNAONONEDJNM,COGNAONONN
LCAM3,LOCAMERICA ON NM,LOCAMERICA ON NM,LOCAMERICAONNM,LOCAMERICAONEDJNM,LOCAMERICAONN
RADL3,RAIADROGASIL ON,RAIADROGASILON NM,RAIADROGASILONNM,RAIADROGASILONEDJNM,RAIADROGASILONN
UCAS3,UNICASA ON,UNICASA ON NM,UNICASAONNM,UNICASAONEDJNM,UNICASAONN
ALUP11,Alupar Invest Unit,ALUPAR UNT N2,ALUPARUNTN2,ALUPARUNTEDJN2,ALUPARUNTN
ANIM3,Anima ON,ANIMA ON NM,ANIMAONNM,ANIMAONEDJNM,ANIMAONN
BBSE3,BBSEGURIDADE ON NM,BBSEGURIDADEON NM,BBSEGURIDADEONNM,BBSEGURIDADEONEDJNM,BBSEGURIDADEONN
BSEV3,Biosev ON,BIOSEV ON NM,BIOSEVONNM,BIOSEVONEDJNM,BIOSEVONN
CVCB3,CVC BRASIL ON NM,CVC BRASIL ON NM,CVCBRASILONNM,CVCBRASILONEDJNM,CVCBRASILONN
LINX3,LINX ON NM,LINX ON NM,LINXONNM,LINXONEDJNM,LINXONN
SEER3,Ser Educa ON,SER EDUCA ON NM,SEREDUCAONNM,SEREDUCAONEDJNM,SEREDUCAONN
SMLS3,Smiles Fidelidade,SMILES ON NM,SMILESONNM,SMILESONEDJNM,SMILESONN
TUPY3,Tupy ON,TUPY ON NM,TUPYONNM,TUPYONEDJNM,TUPYONN
SQIA3,Senior Solution,SINQIA ON NM,SINQIAONNM,SINQIAONEDJNM,SINQIAONN
BIOM3,Biomm On,BIOMM ON MA,BIOMMONMA,BIOMMONEDJMA,BIOMMONN
KLBN11,KLABIN S/A UNT N2,KLABIN S/A UNT N2,KLABINS/AUNTN2,KLABINS/AUNTEDJN2,KLABINS/AUNTN
NUTR3,Nutriplant,NUTRIPLANT ON MA,NUTRIPLANTONMA,NUTRIPLANTONEDJMA,NUTRIPLANTONN
BAZA3,Banco da Amazonia SA ON,AMAZONIA ON,AMAZONIAON,AMAZONIAEDJON,AMAZONIAN
HGBS11,CSHG Brasil Shopping,FII HEDGEBS CI,FIIHEDGEBSCI,FIIHEDGEBSEDJCI,FIIHEDGEBSN
HGPO11,CSHG JHSF Prime Offices,FII CSHGPRIMCI,FIICSHGPRIMCI,FIICSHGPRIMEDJCI,FIICSHGPRIMN
MBRF11,Mercantil do Brasil,FII MERC BR CI,FIIMERCBRCI,FIIMERCBREDJCI,FIIMERCBRN
TCNO3,Tecnosolo Engenharia SA ON,TECNOSOLO ON,TECNOSOLOON,TECNOSOLOEDJON,TECNOSOLON
ABCP11,FII ABC IMOB,FII ABC IMOBCI,FIIABCIMOBCI,FIIABCIMOBEDJCI,FIIABCIMOBN
RBED11,Fdo Inv Imob Rio Bravo Renda Educacional,FII RIOB ED CI,FIIRIOBEDCI,FIIRIOBEDEDJCI,FIIRIOBEDN
BBPO11,FII BB PRGII,FII BB PRGIICI,FIIBBPRGIICI,FIIBBPRGIIEDJCI,FIIBBPRGIIN
BBRC11,FII BB CORP,FII BB CORP CI,FIIBBCORPCI,FIIBBCORPEDJCI,FIIBBCORPN
BPFF11,FII ABSOLUTO,FII ABSOLUTOCI,FIIABSOLUTOCI,FIIABSOLUTOEDJCI,FIIABSOLUTON
BRCR11,FII BC FUND,FII BC FUND CI,FIIBCFUNDCI,FIIBCFUNDEDJCI,FIIBCFUNDN
CTXT11,FII C TEXTIL,FII C TEXTILCI,FIICTEXTILCI,FIICTEXTILEDJCI,FIICTEXTILN
CXTL11,FII CX TRX,FII CX TRX CI,FIICXTRXCI,FIICXTRXEDJCI,FIICXTRXN
EURO11,FII EUROPAR,FII EUROPAR CI,FIIEUROPARCI,FIIEUROPAREDJCI,FIIEUROPARN
RCRB11,FII Rio Bravo Renda Corporativa,FII RIOB RC CI,FIIRIOBRCCI,FIIRIOBRCEDJCI,FIIRIOBRCN
FIGS11,FII GEN SHOP,FII GEN SHOPCI,FIIGENSHOPCI,FIIGENSHOPEDJCI,FIIGENSHOPN
FLMA11,FII S F LIMA,FII S F LIMACI,FIISFLIMACI,FIISFLIMAEDJCI,FIISFLIMAN
FPAB11,FII A BRANCA,FII A BRANCACI,FIIABRANCACI,FIIABRANCAEDJCI,FIIABRANCAN
HMOC11,FII GWI RI,FII HEDMOCA CI,FIIHEDMOCACI,FIIHEDMOCAEDJCI,FIIHEDMOCAN
HGCR11,FII CSHG CRI,FII CSHG CRICI,FIICSHGCRICI,FIICSHGCRIEDJCI,FIICSHGCRIN
HGLG11,FII CSHG LOG,FII CSHG LOGCI,FIICSHGLOGCI,FIICSHGLOGEDJCI,FIICSHGLOGN
HGRE11,FII HG REAL,FII HG REAL CI,FIIHGREALCI,FIIHGREALEDJCI,FIIHGREALN
JSRE11,FII JS REAL,FII JS REAL CI,FIIJSREALCI,FIIJSREALEDJCI,FIIJSREALN
KNCR11,FII KINEA RI,FII KINEA RICI,FIIKINEARICI,FIIKINEARIEDJCI,FIIKINEARIN
KNRE11,FII KII REAL,FII KII REALCI,FIIKIIREALCI,FIIKIIREALEDJCI,FIIKIIREALN
KNRI11,FII KINEA,FII KINEA CI,FIIKINEACI,FIIKINEAEDJCI,FIIKINEAN
MXRF11,FII MAXI REN,FII MAXI RENCI,FIIMAXIRENCI,FIIMAXIRENEDJCI,FIIMAXIRENN
ONEF11,FII THE ONE,FII THE ONE CI,FIITHEONECI,FIITHEONEEDJCI,FIITHEONEN
PQDP11,FII D PEDRO,FII D PEDRO CI,FIIDPEDROCI,FIIDPEDROEDJCI,FIIDPEDRON
PRSV11,FII P VARGAS,FII P VARGASCI,FIIPVARGASCI,FIIPVARGASEDJCI,FIIPVARGASN
RBBV11,FII JHSF FBV,FII JHSF FBVCI,FIIJHSFFBVCI,FIIJHSFFBVEDJCI,FIIJHSFFBVN
RBGS11,FII RB GSB I,FII RB GSB ICI,FIIRBGSBICI,FIIRBGSBIEDJCI,FIIRBGSBIN
RBRD11,FII RB II,FII RB II CI,FIIRBIICI,FIIRBIIEDJCI,FIIRBIIN
RBVO11,FII RIOBCRI2,FII RIOBCRI2CI,FIIRIOBCRI2CI,FIIRIOBCRI2EDJCI,FIIRIOBCRI2N
RNDP11,FII BB R PAP,FII BB R PAPCI,FIIBBRPAPCI,FIIBBRPAPEDJCI,FIIBBRPAPN
RNGO11,FII RIONEGRO,FII RIONEGROCI,FIIRIONEGROCI,FIIRIONEGROEDJCI,FIIRIONEGRON
SDIL11,FII SDI LOG,FII SDI LOG CI,FIISDILOGCI,FIISDILOGEDJCI,FIISDILOGN
SHPH11,FII HIGIENOP,FII HIGIENOPCI,FIIHIGIENOPCI,FIIHIGIENOPEDJCI,FIIHIGIENOPN
SPTW11,FII SP DOWNT,FII SP DOWNTCI,FIISPDOWNTCI,FIISPDOWNTEDJCI,FIISPDOWNTN
TBOF11,FII TBOFFICE,FII TBOFFICECI,FIITBOFFICECI,FIITBOFFICEEDJCI,FIITBOFFICEN
VLOL11,FII OLIMPIA,FII OLIMPIA CI,FIIOLIMPIACI,FIIOLIMPIAEDJCI,FIIOLIMPIAN
VRTA11,FII FATOR VE,FII FATOR VECI,FIIFATORVECI,FIIFATORVEEDJCI,FIIFATORVEN
XPCM11,FII XP MACAE,FII XP MACAECI,FIIXPMACAECI,FIIXPMACAEEDJCI,FIIXPMACAEN
XTED11,FII TRXE COR,FII TRXE CORCI,FIITRXECORCI,FIITRXECOREDJCI,FIITRXECORN
SANB3,SANTANDER BRON,SANTANDER BRON,SANTANDERBRON,SANTANDERBREDJON,SANTANDERBRN
FRAS3,Fras Le SA,FRAS-LE ON N1,FRAS-LEONN1,FRAS-LEONEDJN1,FRAS-LEONN
GEPA4,Duke Energy Intl Geracao Para,GER PARANAP PN,GERPARANAPPN,GERPARANAPEDJPN,GERPARANAPN
OFSA3,Ouro Fino Saude Animal Particip,OUROFINO S/AON NM,OUROFINOS/AONNM,OUROFINOS/AONEDJNM,OUROFINOS/AONN
RLOG3,Cosan Logistica SA,COSAN LOG ON NM,COSANLOGONNM,COSANLOGONEDJNM,COSANLOGONN
AAPL34,Apple Inc BDR,APPLE DRN,APPLEDRN,APPLEDEDJRN,APPLEDN
ABTT34,Abbott Laboratories BDR,ABBOTT DRN,ABBOTTDRN,ABBOTTDEDJRN,ABBOTTDN
AMGN34,Amgen Inc BDR,AMGEN DRN,AMGENDRN,AMGENDEDJRN,AMGENDN
AMZO34,Amazon.com Inc BDR,AMAZON DRN,AMAZONDRN,AMAZONDEDJRN,AMAZONDN
ARMT34,ArcelorMittal BDR,ARCELOR DRN,ARCELORDRN,ARCELORDEDJRN,ARCELORDN
ATTB34,ATT Inc BDR,ATT INC DRN,ATTINCDRN,ATTINCDEDJRN,ATTINCDN
AXPB34,American Express Co BDR,AMERICAN EXPDRN,AMERICANEXPDRN,AMERICANEXPDEDJRN,AMERICANEXPDN
BERK34,Berkshire Hathaway BDR,BERKSHIRE DRN,BERKSHIREDRN,BERKSHIREDEDJRN,BERKSHIREDN
BOAC34,Bank of America Corp BDR,BANK AMERICADRN,BANKAMERICADRN,BANKAMERICADEDJRN,BANKAMERICADN
CATP34,Caterpillar Inc BDR,CATERPILLAR DRN,CATERPILLARDRN,CATERPILLARDEDJRN,CATERPILLARDN
CMCS34,Comcast Corp BDR,COMCAST DRN,COMCASTDRN,COMCASTDEDJRN,COMCASTDN
COCA34,The Coca Cola Co BDR,COCA COLA DRN,COCACOLADRN,COCACOLADEDJRN,COCACOLADN
CSCO34,Cisco Systems Inc BDR,CISCO DRN,CISCODRN,CISCODEDJRN,CISCODN
DISB34,Walt Disney Co BDR,WALT DISNEY DRN,WALTDISNEYDRN,WALTDISNEYDEDJRN,WALTDISNEYDN
EXXO34,Exxon Mobil Corp BDR,EXXON MOBIL DRN,EXXONMOBILDRN,EXXONMOBILDEDJRN,EXXONMOBILDN
FDMO34,Ford Motor Co BDR,FORD MOTORS DRN,FORDMOTORSDRN,FORDMOTORSDEDJRN,FORDMOTORSDN
GEOO34,General Electric Co BDR,GE DRN,GEDRN,GEDEDJRN,GEDN
GSGI34,Goldman Sachs Group BDR,GOLDMANSACHSDRN,GOLDMANSACHSDRN,GOLDMANSACHSDEDJRN,GOLDMANSACHSDN
HALI34,Halliburton Co BDR,HALLIBURTON DRN,HALLIBURTONDRN,HALLIBURTONDEDJRN,HALLIBURTONDN
HOME34,Home Depot Inc BDR,HOME DEPOT DRN,HOMEDEPOTDRN,HOMEDEPOTDEDJRN,HOMEDEPOTDN
HPQB34,Hewlett Packard Co BDR,HP COMPANY DRN,HPCOMPANYDRN,HPCOMPANYDEDJRN,HPCOMPANYDN
ITLC34,Intel Corp BDR,INTEL DRN,INTELDRN,INTELDEDJRN,INTELDN
JNJB34,Johnson Johnson BDR,JOHNSON DRN,JOHNSONDRN,JOHNSONDEDJRN,JOHNSONDN
JPMC34,JPMorgan Chase Co BDR,JPMORGAN DRN,JPMORGANDRN,JPMORGANDEDJRN,JPMORGANDN
LMTB34,Lockheed Martin Corp BDR,LOCKHEED DRN,LOCKHEEDDRN,LOCKHEEDDEDJRN,LOCKHEEDDN
MMMC34,3M Co BDR,3M DRN,3MDRN,3MDEDJRN,3MDN
MRCK34,Merck Co Inc BDR,MERCK DRN,MERCKDRN,MERCKDEDJRN,MERCKDN
MSCD34,MasterCard Inc BDR,MASTERCARD DRN,MASTERCARDDRN,MASTERCARDDEDJRN,MASTERCARDDN
MSFT34,Microsoft Corp BDR,MICROSOFT DRN,MICROSOFTDRN,MICROSOFTDEDJRN,MICROSOFTDN
NIKE34,Nike Inc BDR,NIKE DRN,NIKEDRN,NIKEDEDJRN,NIKEDN
ORCL34,Oracle Corp BDR,ORACLE DRN,ORACLEDRN,ORACLEDEDJRN,ORACLEDN
PFIZ34,Pfizer Inc BDR,PFIZER DRN,PFIZERDRN,PFIZERDEDJRN,PFIZERDN
PGCO34,Procter Gamble Co BDR,PG DRN,PGDRN,PGDEDJRN,PGDN
SBUB34,Starbucks Corp BDR,STARBUCKS DRN,STARBUCKSDRN,STARBUCKSDEDJRN,STARBUCKSDN
VERZ34,Verizon Communications BDR,VERIZON DRN,VERIZONDRN,VERIZONDEDJRN,VERIZONDN
VISA34,Visa Inc BDR,VISA INC DRN,VISAINCDRN,VISAINCDEDJRN,VISAINCDN
WALM34,Wal Mart Stores Inc BDR,WAL MART DRN,WALMARTDRN,WALMARTDEDJRN,WALMARTDN
WFCO34,Wells Fargo Co BDR,WELLS FARGO DRN,WELLSFARGODRN,WELLSFARGODEDJRN,WELLSFARGODN
WIZS3,FPC Par Corretora De Seguros,WIZ S.A. ON NM,WIZS.A.ONNM,WIZS.A.ONEDJNM,WIZS.A.ONN
BOEI34,Boeing Co BDR,BOEING DRN,BOEINGDRN,BOEINGDEDJRN,BOEINGDN
CHVX34,Chevron Corp BDR,CHEVRON DRN,CHEVRONDRN,CHEVRONDEDJRN,CHEVRONDN
COPH34,ConocoPhillips DRC,COPHILLIPS DRN,COPHILLIPSDRN,COPHILLIPSDEDJRN,COPHILLIPSDN
CTGP34,Citigroup Inc BDR,CITIGROUP DRN,CITIGROUPDRN,CITIGROUPDEDJRN,CITIGROUPDN
FBOK34,Facebook Inc BDR,FACEBOOK DRN,FACEBOOKDRN,FACEBOOKDEDJRN,FACEBOOKDN
IBMB34,International Business Machines BDR,IBM DRN,IBMDRN,IBMDEDJRN,IBMDN
LILY34,Eli Lilly and Co BDR,LILLY DRN,LILLYDRN,LILLYDEDJRN,LILLYDN
MCDC34,McDonalds Corp BDR,MCDONALDS DRN,MCDONALDSDRN,MCDONALDSDEDJRN,MCDONALDSDN
MFII11,Fundo Investimento Imobil Merito,FII MERITO ICI,FIIMERITOICI,FIIMERITOIEDJCI,FIIMERITOIN
MSBR34,Morgan Stanley Bank AG,MORGAN STAN DRN,MORGANSTANDRN,MORGANSTANDEDJRN,MORGANSTANDN
NFLX34,Netflix Inc DRC,NETFLIX DRN,NETFLIXDRN,NETFLIXDEDJRN,NETFLIXDN
PEPB34,PepsiCo Inc BDR,PEPSICO INC DRN,PEPSICOINCDRN,PEPSICOINCDEDJRN,PEPSICOINCDN
SLBG34,Schlumberger AG,SCHLUMBERGERDRN,SCHLUMBERGERDRN,SCHLUMBERGERDEDJRN,SCHLUMBERGERDN
UPSS34,United Parcel Service Inc,UPS DRN,UPSDRN,UPSDEDJRN,UPSDN
USBC34,U.S. Bancorp DRC,US BANCORP DRN,USBANCORPDRN,USBANCORPDEDJRN,USBANCORPDN
GUAR3,Guararapes Confeccoes ON,GUARARAPES ON,GUARARAPESON,GUARARAPESEDJON,GUARARAPESN
ACNB34,Accenture PLC BDR,ACCENTURE DRN,ACCENTUREDRN,ACCENTUREDEDJRN,ACCENTUREDN
BONY34,Bank of New York Mellon Corp BDR,BNY MELLON DRN,BNYMELLONDRN,BNYMELLONDEDJRN,BNYMELLONDN
DHER34,Danaher Corp BDR,DANAHER CORPDRN,DANAHERCORPDRN,DANAHERCORPDEDJRN,DANAHERCORPDN
IGBR3,Gradiente Electronica SA,IGB S/A ON,IGBS/AON,IGBS/AEDJON,IGBS/AN
KMBB34,Kimberly Clark Corp BDR,KIMBERLY CL DRN,KIMBERLYCLDRN,KIMBERLYCLDEDJRN,KIMBERLYCLDN
METB34,Metlife Inc BDR,METLIFE INC DRN,METLIFEINCDRN,METLIFEINCDEDJRN,METLIFEINCDN
TELB4,Telecomunicacoes Brasileira SA Pref,TELEBRAS PN,TELEBRASPN,TELEBRASEDJPN,TELEBRASN
TGTB34,Target Corp BDR,TARGET CORP DRN,TARGETCORPDRN,TARGETCORPDEDJRN,TARGETCORPDN
WHRL3,Whirlpool SA,WHIRLPOOL ON,WHIRLPOOLON,WHIRLPOOLEDJON,WHIRLPOOLN
BMYB34,Bristol Myers Squibb Company BDR,BRISTOLMYERSDRN,BRISTOLMYERSDRN,BRISTOLMYERSDEDJRN,BRISTOLMYERSDN
COLG34,Colgate Palmolive Co BDR,COLGATE DRN,COLGATEDRN,COLGATEDEDJRN,COLGATEDN
COTY34,Coty Inc BDR,COTY INC DRN,COTYINCDRN,COTYINCDEDJRN,COTYINCDN
EBAY34,eBay Inc BDR,EBAY DRN,EBAYDRN,EBAYDEDJRN,EBAYDN
FCXO34,Freeport Mcmoran Copper Gold Inc,FREEPORT DRN,FREEPORTDRN,FREEPORTDEDJRN,FREEPORTDN
FDXB34,FedEx Corp BDR,FEDEX CORP DRN,FEDEXCORPDRN,FEDEXCORPDEDJRN,FEDEXCORPDN
GDBR34,General Dynamics Corp BDR,GEN DYNAMICSDRN,GENDYNAMICSDRN,GENDYNAMICSDEDJRN,GENDYNAMICSDN
HSHY34,The Hershey Company BDR,HERSHEY CO DRN,HERSHEYCODRN,HERSHEYCODEDJRN,HERSHEYCODN
MDLZ34,Mondelez International Inc BDR,MONDELEZ INTDRN,MONDELEZINTDRN,MONDELEZINTDEDJRN,MONDELEZINTDN
MOSC34,The Mosaic Company BDR,MOSAIC CO DRN,MOSAICCODRN,MOSAICCODEDJRN,MOSAICCODN
QCOM34,Qualcomm Inc BDR,QUALCOMM DRN,QUALCOMMDRN,QUALCOMMDEDJRN,QUALCOMMDN
TEXA34,Texas Instruments Inc BDR,TEXAS INC DRN,TEXASINCDRN,TEXASINCDEDJRN,TEXASINCDN
WUNI34,The Western Union Company BDR,WESTERNUNIONDRN,WESTERNUNIONDRN,WESTERNUNIONDEDJRN,WESTERNUNIONDN
XRXB34,Xerox Corp BDR,XEROX CORP DRN,XEROXCORPDRN,XEROXCORPDEDJRN,XEROXCORPDN
SHUL4,Schulz SA,SCHULZ PN,SCHULZPN,SCHULZEDJPN,SCHULZN
ATOM3,Atom Participacoes,ATOMPAR ON,ATOMPARON,ATOMPAREDJON,ATOMPARN
KHCB34,Kraft Heinz DRC,KRAFT HEINZ DRN,KRAFTHEINZDRN,KRAFTHEINZDEDJRN,KRAFTHEINZDN
TIET11,AES TIETE E UNT N2,AES TIETE E UNT N2,AESTIETEEUNTN2,AESTIETEEUNTEDJN2,AESTIETEEUNTN
SAPR4,Companhia de Saneamento,SANEPAR PN N2,SANEPARPNN2,SANEPARPNEDJN2,SANEPARPNN
CRIV4,Financeira Alfa,ALFA FINANC PN,ALFAFINANCPN,ALFAFINANCEDJPN,ALFAFINANCN
RPMG3,Refinaria de Petroleos,PET MANGUINHON,PETMANGUINHON,PETMANGUINHEDJON,PETMANGUINHN
BRSR3,BANRISUL ON N1,BANRISUL ON N1,BANRISULONN1,BANRISULONEDJN1,BANRISULONN
ENGI11,Energisa,ENERGISA UNT N2,ENERGISAUNTN2,ENERGISAUNTEDJN2,ENERGISAUNTN
SNSY5,Sansuy,SANSUY PNA,SANSUYPNA,SANSUYPEDJNA,SANSUYPN
DMMO3,Ogx Petroleo e Gas,DOMMO ON,DOMMOON,DOMMOEDJON,DOMMON
AZEV4,Azevedo & Travassos Pref,AZEVEDO PN,AZEVEDOPN,AZEVEDOEDJPN,AZEVEDON
BAHI3,Bahema,BAHEMA ON MA,BAHEMAONMA,BAHEMAONEDJMA,BAHEMAONN
BALM4,Baumer Pref,BAUMER PN,BAUMERPN,BAUMEREDJPN,BAUMERN
BAUH4,Excelsior Alimentos Pref,EXCELSIOR PN,EXCELSIORPN,EXCELSIOREDJPN,EXCELSIORN
BDLL4,Bardella Pref,BARDELLA PN,BARDELLAPN,BARDELLAEDJPN,BARDELLAN
BEES3,Banestes,BANESTES ON,BANESTESON,BANESTESEDJON,BANESTESN
BEES4,Banestes Pref,BANESTES PN,BANESTESPN,BANESTESEDJPN,BANESTESN
BGIP4,Banese Pref,BANESE PN,BANESEPN,BANESEEDJPN,BANESEN
BMEB3,Mercantil do Brasil,MERC BRASIL ON N1,MERCBRASILONN1,MERCBRASILONEDJN1,MERCBRASILONN
BMEB4,Mercantil do Brasil Pref,MERC BRASIL PN N1,MERCBRASILPNN1,MERCBRASILPNEDJN1,MERCBRASILPNN
BMIN3,Mercantil de Investimentos,MERC INVEST ON,MERCINVESTON,MERCINVESTEDJON,MERCINVESTN
BMIN4,Mercantil de Investimentos Pref,MERC INVEST PN,MERCINVESTPN,MERCINVESTEDJPN,MERCINVESTN
BMKS3,Bicicletas Monark,BIC MONARK ON,BICMONARKON,BICMONARKEDJON,BICMONARKN
BNBR3,BNB,NORD BRASIL ON,NORDBRASILON,NORDBRASILEDJON,NORDBRASILN
BOBR4,Bombril,BOMBRIL PN,BOMBRILPN,BOMBRILEDJPN,BOMBRILN
BRIV3,Banco Alfa,ALFA INVEST ON,ALFAINVESTON,ALFAINVESTEDJON,ALFAINVESTN
BRIV4,Banco Alfa Pref,ALFA INVEST PN,ALFAINVESTPN,ALFAINVESTEDJPN,ALFAINVESTN
BSLI4,BRB Pref,BRB BANCO PN,BRBBANCOPN,BRBBANCOEDJPN,BRBBANCON
BTTL3,Battistella Administracao,BATTISTELLA ON,BATTISTELLAON,BATTISTELLAEDJON,BATTISTELLAN
CBEE3,Ampla,AMPLA ENERG ON,AMPLAENERGON,AMPLAENERGEDJON,AMPLAENERGN
CEEB3,Coelba,COELBA ON,COELBAON,COELBAEDJON,COELBAN
CEEB5,Coelba Pref,COELBA PNA,COELBAPNA,COELBAPEDJNA,COELBAPN
CEPE5,Celpe Pref,CELPE PNA,CELPEPNA,CELPEPEDJNA,CELPEPN
CGAS3,Comgas,COMGAS ON,COMGASON,COMGASEDJON,COMGASN
CRIV3,Financeira Alfa ORD,ALFA FINANC ON,ALFAFINANCON,ALFAFINANCEDJON,ALFAFINANCN
CRPG5,Cristal Pigmentos do Brasil Pref A,CRISTAL PNA,CRISTALPNA,CRISTALPEDJNA,CRISTALPN
CRPG6,Cristal Pigmentos do Brasil Pref B,CRISTAL PNB,CRISTALPNB,CRISTALPEDJNB,CRISTALPN
CSRN3,Cosern,COSERN ON,COSERNON,COSERNEDJON,COSERNN
CTKA4,Karsten Pref,KARSTEN PN,KARSTENPN,KARSTENEDJPN,KARSTENN
CTNM3,COTEMINAS,COTEMINAS ON,COTEMINASON,COTEMINASEDJON,COTEMINASN
CTSA3,Santanense,SANTANENSE ON,SANTANENSEON,SANTANENSEEDJON,SANTANENSEN
CTSA4,Santanense Pref,SANTANENSE PN,SANTANENSEPN,SANTANENSEEDJPN,SANTANENSEN
DOHL4,Dohler Pref,DOHLER PN,DOHLERPN,DOHLEREDJPN,DOHLERN
DTCY3,Dtcom,DTCOM-DIRECTON,DTCOM-DIRECTON,DTCOM-DIRECTEDJON,DTCOM-DIRECTN
EALT4,Electro Aco Altona Pref,ACO ALTONA PN,ACOALTONAPN,ACOALTONAEDJPN,ACOALTONAN
EKTR4,Elektro Pref,ELEKTRO PN,ELEKTROPN,ELEKTROEDJPN,ELEKTRON
EMAE4,EMAE Pref,EMAE PN,EMAEPN,EMAEEDJPN,EMAEN
ENGI3,Energisa ORD,ENERGISA ON N2,ENERGISAONN2,ENERGISAONEDJN2,ENERGISAONN
ENMT3,Energisa MT,ENERGISA MT ON,ENERGISAMTON,ENERGISAMTEDJON,ENERGISAMTN
ESTR4,Brinquedos Estrela,ESTRELA PN,ESTRELAPN,ESTRELAEDJPN,ESTRELAN
FESA3,Ferbasa,FERBASA ON N1,FERBASAONN1,FERBASAONEDJN1,FERBASAONN
FNAM11,Fundo de Investimento da Amazonia,FINAM CI *,FINAMCI*,FINAMCIEDJ*,FINAMCIN
FSRF11,Fdo Inv Setorial FL E Ref Fiset FL Ref,FISET FL REFCI,FISETFLREFCI,FISETFLREFEDJCI,FISETFLREFN
GPCP3,GPC Participacoes,GPC PART ON,GPCPARTON,GPCPARTEDJON,GPCPARTN
HAGA4,Haga Pref,HAGA S/A PN,HAGAS/APN,HAGAS/AEDJPN,HAGAS/AN
HBTS5,Habitasul Pref,HABITASUL PNA,HABITASULPNA,HABITASULPEDJNA,HABITASULPN
HETA4,Hercules Pref,HERCULES PN,HERCULESPN,HERCULESEDJPN,HERCULESN
HOOT4,Hoteis Othon,HOTEIS OTHONPN,HOTEISOTHONPN,HOTEISOTHONEDJPN,HOTEISOTHONN
IDVL3,BI&P,INDUSVAL ON,INDUSVALON,INDUSVALEDJON,INDUSVALN
JBDU3,Industrias JBDuarte,J B DUARTE ON,JBDUARTEON,JBDUARTEEDJON,JBDUARTEN
JBDU4,Industrias JBDuarte Pref,J B DUARTE PN,JBDUARTEPN,JBDUARTEEDJPN,JBDUARTEN
JOPA3,Josapar Joaquim Oliveira,JOSAPAR ON,JOSAPARON,JOSAPAREDJON,JOSAPARN
JOPA4,Josapar Joaquim Oliveira Pref,JOSAPAR PN,JOSAPARPN,JOSAPAREDJPN,JOSAPARN
KLBN3,KLABIN S/A ON N2,KLABIN S/A ON N2,KLABINS/AONN2,KLABINS/AONEDJN2,KLABINS/AONN
MNDL3,Mundial,MUNDIAL ON,MUNDIALON,MUNDIALEDJON,MUNDIALN
MNPR3,Minupar Participacoes,MINUPAR ON,MINUPARON,MINUPAREDJON,MINUPARN
MTSA4,METISA Pref,METISA PN,METISAPN,METISAEDJPN,METISAN
MWET4,Wetzel Pref,WETZEL S/A PN,WETZELS/APN,WETZELS/AEDJPN,WETZELS/AN
PEAB4,Alianca da Bahia Pref,PAR AL BAHIAPN,PARALBAHIAPN,PARALBAHIAEDJPN,PARALBAHIAN
PNVL3,Dimed,DIMED ON,DIMEDON,DIMEDEDJON,DIMEDN
PNVL4,Dimed Pref,DIMED PN,DIMEDPN,DIMEDEDJPN,DIMEDN
RANI3,Celulose Irani,IRANI ON NM,IRANIONNM,IRANIONEDJNM,IRANIONN
RCSL3,Recrusul,RECRUSUL ON,RECRUSULON,RECRUSULEDJON,RECRUSULN
RCSL4,Recrusul Pref,RECRUSUL PN,RECRUSULPN,RECRUSULEDJPN,RECRUSULN
REDE3,Rede Energia,REDE ENERGIAON,REDEENERGIAON,REDEENERGIAEDJON,REDEENERGIAN
RPAD5,Alfa Holdings Pref A,ALFA HOLDINGPNA,ALFAHOLDINGPNA,ALFAHOLDINGPEDJNA,ALFAHOLDINGPN
RPAD6,Alfa Holdings Pref B,ALFA HOLDINGPNB,ALFAHOLDINGPNB,ALFAHOLDINGPEDJNB,ALFAHOLDINGPN
WLMM3,WLM Industria e Comercio,WLM IND COM ON,WLMINDCOMON,WLMINDCOMEDJON,WLMINDCOMN
WLMM4,WLM Industria e Comercio,WLM IND COM PN,WLMINDCOMPN,WLMINDCOMEDJPN,WLMINDCOMN
SLED3,Saraiva,SARAIVA LIVRON N2,SARAIVALIVRONN2,SARAIVALIVRONEDJN2,SARAIVALIVRONN
SOND5,Sondotecnica Pref A,SONDOTECNICAPNA,SONDOTECNICAPNA,SONDOTECNICAPEDJNA,SONDOTECNICAPN
SOND6,Sondotecnica Pref B,SONDOTECNICAPNB,SONDOTECNICAPNB,SONDOTECNICAPEDJNB,SONDOTECNICAPN
TCNO4,Tecnosolo Pref,TECNOSOLO PN,TECNOSOLOPN,TECNOSOLOEDJPN,TECNOSOLON
TELB3,Telebras,TELEBRAS ON,TELEBRASON,TELEBRASEDJON,TELEBRASN
TRPL3,CTEEP,TRAN PAULISTON N1,TRANPAULISTONN1,TRANPAULISTONEDJN1,TRANPAULISTONN
UNIP5,Unipar Carbocloro Pref,UNIPAR PNA,UNIPARPNA,UNIPARPEDJNA,UNIPARPN
USIM6,USIMINAS PNB,USIMINAS PNB N1,USIMINASPNBN1,USIMINASPNBEDJN1,USIMINASPNBN
VULC3,Vulcabras Azaleia,VULCABRAS ON NM,VULCABRASONNM,VULCABRASONEDJNM,VULCABRASONN
VVAR3,Via Varejo,VIAVAREJO ON NM,VIAVAREJOONNM,VIAVAREJOONEDJNM,VIAVAREJOONN
WHRL4,Whirlpool Pref,WHIRLPOOL PN,WHIRLPOOLPN,WHIRLPOOLEDJPN,WHIRLPOOLN
ALMI11,FII Torre Almirante,FII TORRE ALCI,FIITORREALCI,FIITORREALEDJCI,FIITORREALN
ANCR11B,FII Ancar IC,FD INV IM ANCAR IC,FDINVIMANCARIC,FDINVIMANCAREDJIC,FDINVIMANCARN
BBFI11B,Progressivo,BB FDO DE INVST I,BBFDODEINVSTI,BBFDODEINVSTEDJI,BBFDODEINVSTN
BCFF11,BB Renda Corporativa,FII BC FFII CI,FIIBCFFIICI,FIIBCFFIIEDJCI,FIIBCFFIIN
CEOC11,FII Ceo Cyrela Commercial,FII CEO CCP CI,FIICEOCCPCI,FIICEOCCPEDJCI,FIICEOCCPN
CNES11,FII Cenesp,FII CENESP CI,FIICENESPCI,FIICENESPEDJCI,FIICENESPN
MRSA6BF,MRS Logistica B,MRS LOGISTICA,MRSLOGISTICA,MRSLOGISTIEDJCA,MRSLOGISTIN
CXCE11B,FII CAIXA CEDAE,FD INV IMOB CAIXA,FDINVIMOBCAIXA,FDINVIMOBCAIEDJXA,FDINVIMOBCAIN
DRIT11B,Multigestao Renda Comercial,MULTIGESTAO RENDA,MULTIGESTAORENDA,MULTIGESTAORENEDJDA,MULTIGESTAORENN
EDFO11B,Edificio Ourinvest,FD INV IMOB ED OUR,FDINVIMOBEDOUR,FDINVIMOBEDOEDJUR,FDINVIMOBEDON
EDGA11,FII Edificio Galeria,FII GALERIA CI,FIIGALERIACI,FIIGALERIAEDJCI,FIIGALERIAN
FAED11,FII Anhanguera Educacional,FII ANH EDUCCI,FIIANHEDUCCI,FIIANHEDUCEDJCI,FIIANHEDUCN
FAMB11B,FII Edificio Almirante Barroso,FD INV IM ALM BARR,FDINVIMALMBARR,FDINVIMALMBAEDJRR,FDINVIMALMBAN
FCFL11,Campus Faria Lima FII,FII CAMPUSFLCI,FIICAMPUSFLCI,FIICAMPUSFLEDJCI,FIICAMPUSFLN
FEXC11,FII Excellence,FII EXCELLENCI,FIIEXCELLENCI,FIIEXCELLENEDJCI,FIIEXCELLENN
FIIP11B,RB Capital,RB CAP RENDA I FD,RBCAPRENDAIFD,RBCAPRENDAIEDJFD,RBCAPRENDAIN
FLRP11,Floripa Shopping FII,FII FLORIPA CI,FIIFLORIPACI,FIIFLORIPAEDJCI,FIIFLORIPAN
HCRI11,FII Hospital da Crianca,FII CRIANCA CI,FIICRIANCACI,FIICRIANCAEDJCI,FIICRIANCAN
HTMX11,FII Hotel Maxinvest,FII HOTEL MXCI,FIIHOTELMXCI,FIIHOTELMXEDJCI,FIIHOTELMXN
JRDM11,FII BM Jardim Sul,FII SHOPJSULCI,FIISHOPJSULCI,FIISHOPJSULEDJCI,FIISHOPJSULN
MAXR11,Max Retail FII,FII MAX RET CI,FIIMAXRETCI,FIIMAXRETEDJCI,FIIMAXRETN
NSLU11,FII Nossa Senhora De Lourdes,FII LOURDES CI,FIILOURDESCI,FIILOURDESEDJCI,FIILOURDESN
TRNT11,FII Torre Norte,FII TORRE NOCI,FIITORRENOCI,FIITORRENOEDJCI,FIITORRENON
ARNC34,Arconic BDR,HOWMET AERO DRN,HOWMETAERODRN,HOWMETAERODEDJRN,HOWMETAERODN
ABBV34,AbbVie DRC,ABBVIE DRN,ABBVIEDRN,ABBVIEDEDJRN,ABBVIEDN
BBYY34,Best Buy,BEST BUY DRN,BESTBUYDRN,BESTBUYDEDJRN,BESTBUYDN
BCRI11,Banestes Recebiveis FII,FII BEES CRICI,FIIBEESCRICI,FIIBEESCRIEDJCI,FIIBEESCRIN
BIIB34,Biogen DRC,BIOGEN DRN,BIOGENDRN,BIOGENDEDJRN,BIOGENDN
BLAK34,BlackRock DRC,BLACKROCK DRN,BLACKROCKDRN,BLACKROCKDEDJRN,BLACKROCKDN
COWC34,Costco Wholesale DRC,COSTCO DRN,COSTCODRN,COSTCODEDJRN,COSTCODN
CTSH34,Cognizant Tech DRC,COGNIZANT DRN,COGNIZANTDRN,COGNIZANTDEDJRN,COGNIZANTDN
CVSH34,CVS Health DRC,CVS HEALTH DRN,CVSHEALTHDRN,CVSHEALTHDEDJRN,CVSHEALTHDN
CXRI11,FII Caixa Rio Bravo,FII CX RBRAVCI,FIICXRBRAVCI,FIICXRBRAVEDJCI,FIICXRBRAVN
DEAI34,Delta Air Lines,DELTA DRN,DELTADRN,DELTADEDJRN,DELTADN
FSLR34,First Solar Inc,FIRST SOLAR DRN,FIRSTSOLARDRN,FIRSTSOLARDEDJRN,FIRSTSOLARDN
GILD34,Gilead Sciences DRC,GILEAD DRN,GILEADDRN,GILEADDEDJRN,GILEADDN
GOGL34,Alphabet A BDR,ALPHABET DRN A,ALPHABETDRNA,ALPHABETDRNEDJA,ALPHABETDRNN
GOGL35,Alphabet C BDR,ALPHABET DRN C,ALPHABETDRNC,ALPHABETDRNEDJC,ALPHABETDRNN
GPSI34,Gap,GAP DRN,GAPDRN,GAPDEDJRN,GAPDN
MACY34,Macy’s,MACY S DRN,MACYSDRN,MACYSDEDJRN,MACYSDN
MDTC34,Medtronic DRC,MEDTRONIC DRN,MEDTRONICDRN,MEDTRONICDEDJRN,MEDTRONICDN
RIGG34,Transocean,TRANSOCEAN DRN,TRANSOCEANDRN,TRANSOCEANDEDJRN,TRANSOCEANDN
ROST34,Ross Stores DRC,ROSS STORES DRN,ROSSSTORESDRN,ROSSSTORESDEDJRN,ROSSSTORESDN
SCHW34,Charles Schwab,SCHWAB DRN,SCHWABDRN,SCHWABDEDJRN,SCHWABDN
SSFO34,Salesforce.com DRC,SALESFORCE DRN,SALESFORCEDRN,SALESFORCEDEDJRN,SALESFORCEDN
TMOS34,Thermo Fisher Scientific,THERMFISCHERDRN,THERMFISCHERDRN,THERMFISCHERDEDJRN,THERMFISCHERDN
TRVC34,Travelers Companies DRC,TRAVELERS DRN,TRAVELERSDRN,TRAVELERSDEDJRN,TRAVELERSDN
USSX34,United States Steel,US STEEL DRN,USSTEELDRN,USSTEELDEDJRN,USSTEELDN
VLOE34,Valero Energy DRC,VALERO ENER DRN,VALEROENERDRN,VALEROENERDEDJRN,VALEROENERDN
WSON33,Wilson Sons,WILSON SONS DR3,WILSONSONSDR3,WILSONSONSDEDJR3,WILSONSONSDN
AALR3,Centro de Imagem Diagnosticos,ALLIAR ON NM,ALLIARONNM,ALLIARONEDJNM,ALLIARONN
AFLT3,Afluente Transmissao de Energia,AFLUENTE T ON,AFLUENTETON,AFLUENTETEDJON,AFLUENTETN
BGIP3,Banco do Estado de Sergipe,BANESE ON,BANESEON,BANESEEDJON,BANESEN
BNFS11,FII Banrisul Novas Fronteiras,FII BANRISULCI,FIIBANRISULCI,FIIBANRISULEDJCI,FIIBANRISULN
CBOP11,FII Castello Branco Office,FII C BRANCOCI,FIICBRANCOCI,FIICBRANCOEDJCI,FIICBRANCON
CEBR3,CEB,CEB ON,CEBON,CEBEDJON,CEBN
CEDO3,Cedro Cachoeira,CEDRO ON N1,CEDROONN1,CEDROONEDJN1,CEDROONN
ESUD11,FIP Infra-Estr BB Votorantim Ener Sustentavel II A,FIP IE II CI,FIPIEIICI,FIPIEIIEDJCI,FIPIEIIN
ESUT11,FIP Infra-Estr BB Votorantim Ener Sustentavel III,FIP IE III CI,FIPIEIIICI,FIPIEIIIEDJCI,FIPIEIIIN
FIIB11,FII Industrial do Brasil,FII INDL BR CI,FIIINDLBRCI,FIIINDLBREDJCI,FIIINDLBRN
FIVN11,FII Vida Nova,FII VIDANOVACI,FIIVIDANOVACI,FIIVIDANOVAEDJCI,FIIVIDANOVAN
FMOF11,FII Memorial Office,FII MEMORIALCI,FIIMEMORIALCI,FIIMEMORIALEDJCI,FIIMEMORIALN
FNOR11,FINOR,FINOR CI *,FINORCI*,FINORCIEDJ*,FINORCIN
FSPE11,FI Setoriais Fiset Pesca,FISET PESCA CI,FISETPESCACI,FISETPESCAEDJCI,FISETPESCAN
FSTU11,Fuente Internacional de Servicios para Turistas,FISET TUR CI,FISETTURCI,FISETTUREDJCI,FISETTURN
GPAR3,Celgpar,CELGPAR ON,CELGPARON,CELGPAREDJON,CELGPARN
GRLV11,CSHG GR Louveira FII,FII LOUVEIRACI,FIILOUVEIRACI,FIILOUVEIRAEDJCI,FIILOUVEIRAN
MAPT3,Cemepe Investimentos,CEMEPE ON,CEMEPEON,CEMEPEEDJON,CEMEPEN
MMXM11,MMX Mineracao e Metalicos,MMX MINER TPR NM,MMXMINERTPRNM,MMXMINERTPREDJNM,MMXMINERTPRN
PABY11,FII Panamby,FII PANAMBY CI,FIIPANAMBYCI,FIIPANAMBYEDJCI,FIIPANAMBYN
PATI4,Panatlantica,PANATLANTICAPN,PANATLANTICAPN,PANATLANTICAEDJPN,PANATLANTICAN
PLRI11,Polo FII Recebiveis Imobiliarios I,FII POLO I CI,FIIPOLOICI,FIIPOLOIEDJCI,FIIPOLOIN
PORD11,Polo FII Recebiveis Imobiliarios II,FII POLO CRICI,FIIPOLOCRICI,FIIPOLOCRIEDJCI,FIIPOLOCRIN
RBDS11,FII RB Capital Desenvolvimento Residencial II,FII RBRESID2CI,FIIRBRESID2CI,FIIRBRESID2EDJCI,FIIRBRESID2N
RPAD3,Alfa Holdings,ALFA HOLDINGON,ALFAHOLDINGON,ALFAHOLDINGEDJON,ALFAHOLDINGN
SCPF11,SCP FII,FII SCP CI,FIISCPCI,FIISCPEDJCI,FIISCPN
VSPT3,Ferrovia Centro Atlantica,FER C ATLANTON,FERCATLANTON,FERCATLANTEDJON,FERCATLANTN
XPOM11,FIP XP Omega I,FIP XP OMEGACI,FIPXPOMEGACI,FIPXPOMEGAEDJCI,FIPXPOMEGAN
AIGB34,AIG BDR,AIG GROUP DRN,AIGGROUPDRN,AIGGROUPDEDJRN,AIGGROUPDN
DUKB34,Duke Energy,DUKE ENERGY DRN,DUKEENERGYDRN,DUKEENERGYDEDJRN,DUKEENERGYDN
MOVI3,Movida Participacoes,MOVIDA ON NM,MOVIDAONNM,MOVIDAONEDJNM,MOVIDAONN
PARD3,Instituto Hermes Pardini,IHPARDINI ON NM,IHPARDINIONNM,IHPARDINIONEDJNM,IHPARDINIONN
BPAC11,Banco BTG,BTGP BANCO UNT N2,BTGPBANCOUNTN2,BTGPBANCOUNTEDJN2,BTGPBANCOUNTN
PPLA11,BTG Pactual Unit,PPLA UNT,PPLAUNT,PPLAUEDJNT,PPLAUN
AALL34,American Airlines DRC,AMERICAN AIRDRN,AMERICANAIRDRN,AMERICANAIRDEDJRN,AMERICANAIRDN
GMCO34,General Motors,GENERAL MOT DRN,GENERALMOTDRN,GENERALMOTDEDJRN,GENERALMOTDN
LBRN34,L Brands DRC,L BRANDS DRN,LBRANDSDRN,LBRANDSDEDJRN,LBRANDSDN
TWTR34,Twitter,TWITTER DRN,TWITTERDRN,TWITTERDEDJRN,TWITTERDN
UPAC34,Union Pacific,UNIONPACIFICDRN,UNIONPACIFICDRN,UNIONPACIFICDEDJRN,UNIONPACIFICDN
RNEW3,Renova Energia,RENOVA ON N2,RENOVAONN2,RENOVAONEDJN2,RENOVAONN
RNEW4,Renova Energia Pref,RENOVA PN N2,RENOVAPNN2,RENOVAPNEDJN2,RENOVAPNN
AZUL4,Azul SA Pref,AZUL PN N2,AZULPNN2,AZULPNEDJN2,AZULPNN
KNIP11,Kinea Private Equity,FII KINEA IPCI,FIIKINEAIPCI,FIIKINEAIPEDJCI,FIIKINEAIPN
TEND3,Tenda,TENDA ON NM,TENDAONNM,TENDAONEDJNM,TENDAONN
TSLA34,Tesla Motors DRC,TESLA INC DRN,TESLAINCDRN,TESLAINCDEDJRN,TESLAINCDN
CRFB3,Atacadao,CARREFOUR BRON NM,CARREFOURBRONNM,CARREFOURBRONEDJNM,CARREFOURBRONN
OMGE3,Omega Geracao,OMEGA GER ON NM,OMEGAGERONNM,OMEGAGERONEDJNM,OMEGAGERONN
IRBR3,IRB Brasil Resseguros,IRBBRASIL REON NM,IRBBRASILREONNM,IRBBRASILREONEDJNM,IRBBRASILREONN
GGRC11,GGR Covepi Renda FII,FII GGRCOVEPCI,FIIGGRCOVEPCI,FIIGGRCOVEPEDJCI,FIIGGRCOVEPN
GEPA3,Rio Paranapanema Energia,GER PARANAP ON,GERPARANAPON,GERPARANAPEDJON,GERPARANAPN
SAPR3,SANEPAR ON N2,SANEPAR ON N2,SANEPARONN2,SANEPARONEDJN2,SANEPARONN
CAML3,Camil Alimentos,CAMIL ON NM,CAMILONNM,CAMILONEDJNM,CAMILONN
VISC11,Vinci Shopping Centers FII,FII VINCI SCCI,FIIVINCISCCI,FIIVINCISCEDJCI,FIIVINCISCN
SUZB3,Suzano Papel Celulose,SUZANO S.A. ON NM,SUZANOS.A.ONNM,SUZANOS.A.ONEDJNM,SUZANOS.A.ONN
SAPR11,Parana Sanepar Unit,SANEPAR UNT N2,SANEPARUNTN2,SANEPARUNTEDJN2,SANEPARUNTN
BRDT3,Petrobras Distribuidora,PETROBRAS BRON NM,PETROBRASBRONNM,PETROBRASBRONEDJNM,PETROBRASBRONN
NEOE3,NEOENERGIA,NEOENERGIA ON NM,NEOENERGIAONNM,NEOENERGIAONEDJNM,NEOENERGIAONN
BKBR3,BK BRASIL OPERACAO,BK BRASIL ON NM,BKBRASILONNM,BKBRASILONEDJNM,BKBRASILONN
FMXB34,Fomento Economico Mexicano DRC,FEMSA DRN,FEMSADRN,FEMSADEDJRN,FEMSADN
HONB34,Honeywell DRC,HONEYWELL DRN,HONEYWELLDRN,HONEYWELLDEDJRN,HONEYWELLDN
ALZR11,Alianza Trust Renda Imobiliaria,FII ALIANZA CI,FIIALIANZACI,FIIALIANZAEDJCI,FIIALIANZAN
DDNB34,DuPont Nemours,DUPONT N INCDRN,DUPONTNINCDRN,DUPONTNINCDEDJRN,DUPONTNINCDN
UBSG34,UBS BDR,UBS GROUP DRN,UBSGROUPDRN,UBSGROUPDEDJRN,UBSGROUPDN
TXRX4,Textil Renauxview Pref,TEX RENAUX PN,TEXRENAUXPN,TEXRENAUXEDJPN,TEXRENAUXN
OUJP11,Ourinvest JPP FII,FII OURI JPPCI,FIIOURIJPPCI,FIIOURIJPPEDJCI,FIIOURIJPPN
BCIA11,Bradesco Carteira Ativa FII,FII BCIA CI,FIIBCIACI,FIIBCIAEDJCI,FIIBCIAN
BOXP34,Boston Properties DRC,BOSTON PROP DRN,BOSTONPROPDRN,BOSTONPROPDEDJRN,BOSTONPROPDN
GPRO34,GoPro BDR,GOPRO DRN,GOPRODRN,GOPRODEDJRN,GOPRODN
MSPA3,Companhia Melhoramentos,MELHOR SP ON,MELHORSPON,MELHORSPEDJON,MELHORSPN
HFOF11,Hedge Top Fofii 3 FII,FII HTOPFOF3CI,FIIHTOPFOF3CI,FIIHTOPFOF3EDJCI,FIIHTOPFOF3N
RBRF11,FII RBR ALPHA Fundo,FII RBRALPHACI,FIIRBRALPHACI,FIIRBRALPHAEDJCI,FIIRBRALPHAN
HAPV3,Hapvida,HAPVIDA ON NM,HAPVIDAONNM,HAPVIDAONEDJNM,HAPVIDAONN
GNDI3,Notre Dame,INTERMEDICA ON NM,INTERMEDICAONNM,INTERMEDICAONEDJNM,INTERMEDICAONN
BIDI4,Banco Inter PN,BANCO INTER PN N2,BANCOINTERPNN2,BANCOINTERPNEDJN2,BANCOINTERPNN
JPSA3,Jereissati Participacoes,JEREISSATI ON,JEREISSATION,JEREISSATIEDJON,JEREISSATIN
GPIV33,GP Invest DRC A,GP INVEST DR3,GPINVESTDR3,GPINVESTDEDJR3,GPINVESTDN
IRDM11,IRIDIUM RECEBÍVEIS IMOBILIÁRIOS,FII IRIDIUM CI,FIIIRIDIUMCI,FIIIRIDIUMEDJCI,FIIIRIDIUMN
THRA11,FII CYRELA THERA CORPORATE,FII BM THERACI,FIIBMTHERACI,FIIBMTHERAEDJCI,FIIBMTHERAN
TAEE4,TAEE Pref,TAESA PN N2,TAESAPNN2,TAESAPNEDJN2,TAESAPNN
XPLG11,XP LOG FII,FII XP LOG CI,FIIXPLOGCI,FIIXPLOGEDJCI,FIIXPLOGN
RBRR11,FII RBR Rendimento High Grade,FII RBRHGRADCI,FIIRBRHGRADCI,FIIRBRHGRADEDJCI,FIIRBRHGRADN
WPLZ11,Fundo Inves,FII W PLAZA CI,FIIWPLAZACI,FIIWPLAZAEDJCI,FIIWPLAZAN
MGFF11,FII Mogno Fundo De Fundos,FII MOGNO CI,FIIMOGNOCI,FIIMOGNOEDJCI,FIIMOGNON
TGAR11,FII TG Ativo Real,FII TG ATIVOCI,FIITGATIVOCI,FIITGATIVOEDJCI,FIITGATIVON
HGRU11,CSHG RENDA URBANA FII,FII CSHG URBCI,FIICSHGURBCI,FIICSHGURBEDJCI,FIICSHGURBN
ALUP3,Alupar Invest,ALUPAR ON N2,ALUPARONN2,ALUPARONEDJN2,ALUPARONN
ALUP4,Alupar Invest Pref,ALUPAR PN N2,ALUPARPNN2,ALUPARPNEDJN2,ALUPARPNN
LOGG3,Log Commercial Properties,LOG COM PROPON NM,LOGCOMPROPONNM,LOGCOMPROPONEDJNM,LOGCOMPROPONN
KNHY11,KINEA HIGH YIELD CRI FII,FII KINEA HYCI,FIIKINEAHYCI,FIIKINEAHYEDJCI,FIIKINEAHYN
OUCY11,OURINVESTY CYRELA FII,FII OURICYRECI,FIIOURICYRECI,FIIOURICYREEDJCI,FIIOURICYREN
FVPQ11,FII VIA PARQUE SHOPPING,FII V PARQUECI,FIIVPARQUECI,FIIVPARQUEEDJCI,FIIVPARQUEN
CARE11,Brazilian Graveyard and Death Care Services FII,FII DEA CARECI,FIIDEACARECI,FIIDEACAREEDJCI,FIIDEACAREN
TAEE3,TAEE 3,TAESA ON N2,TAESAONN2,TAESAONEDJN2,TAESAONN
XPIN11,FII XP Industrial,FII XP INDL CI,FIIXPINDLCI,FIIXPINDLEDJCI,FIIXPINDLN
VSHO11,FI Imobiliario Votorantim Shopping,FII VOT SHOPCI,FIIVOTSHOPCI,FIIVOTSHOPEDJCI,FIIVOTSHOPN
AZEV3,Azevedo Travassos,AZEVEDO ON,AZEVEDOON,AZEVEDOEDJON,AZEVEDON
AHEB3,Sao Paulo Turismo,SPTURIS ON,SPTURISON,SPTURISEDJON,SPTURISN
BALM3,Baumer,BAUMER ON,BAUMERON,BAUMEREDJON,BAUMERN
BPAC3,Banco BTG Pactual,BTGP BANCO ON N2,BTGPBANCOONN2,BTGPBANCOONEDJN2,BTGPBANCOONN
EALT3,Electro Aco Altona,ACO ALTONA ON,ACOALTONAON,ACOALTONAEDJON,ACOALTONAN
ECPR3,Encorpar,ENCORPAR ON,ENCORPARON,ENCORPAREDJON,ENCORPARN
HAGA3,Haga Industria Comercio,HAGA S/A ON,HAGAS/AON,HAGAS/AEDJON,HAGAS/AN
LIPR3,Eletrobras Eletropar,ELETROPAR ON,ELETROPARON,ELETROPAREDJON,ELETROPARN
PATI3,Panatlantica,PANATLANTICAON,PANATLANTICAON,PANATLANTICAEDJON,PANATLANTICAN
PEAB3,Alianca Bahia,PAR AL BAHIAON,PARALBAHIAON,PARALBAHIAEDJON,PARALBAHIAN
SULA3,Sul America Pref,SUL AMERICA ON N2,SULAMERICAONN2,SULAMERICAONEDJN2,SULAMERICAONN
BPAC5,Banco BTG Pactual Pref,BTGP BANCO PNA N2,BTGPBANCOPNAN2,BTGPBANCOPNAEDJN2,BTGPBANCOPNAN
BRGE11,Alfa Administracao Pref E,ALFA CONSORCPNE,ALFACONSORCPNE,ALFACONSORCPEDJNE,ALFACONSORCPN
BRGE12,Alfa Administracao Pref F,ALFA CONSORCPNF,ALFACONSORCPNF,ALFACONSORCPEDJNF,ALFACONSORCPN
BRGE6,Alfa Administracao Pref,ALFA CONSORCPNB,ALFACONSORCPNB,ALFACONSORCPEDJNB,ALFACONSORCPN
CORR4,Correa Ribeiro,COR RIBEIRO PN,CORRIBEIROPN,CORRIBEIROEDJPN,CORRIBEIRON
EEEL4,Estadual Geracao Transmissao,CEEE-GT PN N1,CEEE-GTPNN1,CEEE-GTPNEDJN1,CEEE-GTPNN
ENMT4,Energisa Mato Grosso,ENERGISA MT PN,ENERGISAMTPN,ENERGISAMTEDJPN,ENERGISAMTN
LUXM4,Trevisa Invest,TREVISA PN,TREVISAPN,TREVISAEDJPN,TREVISAN
MERC4,Mercantil Brasil Financeira,MERC FINANC PN,MERCFINANCPN,MERCFINANCEDJPN,MERCFINANCN
RSUL4,Metalurgica Riosulense,RIOSULENSE PN,RIOSULENSEPN,RIOSULENSEEDJPN,RIOSULENSEN
SULA4,Sul America,SUL AMERICA PN N2,SULAMERICAPNN2,SULAMERICAPNEDJN2,SULAMERICAPNN
PATC11,PATRIA EDIFICIOS CORPORATIVOS FII,FII PATRIA CI,FIIPATRIACI,FIIPATRIAEDJCI,FIIPATRIAN
BBDC3,BRADESCO ON,BRADESCO ON N1,BRADESCOONN1,BRADESCOONEDJN1,BRADESCOONN
VGIR11,VALORA RE III FII,FII VALREIIICI,FIIVALREIIICI,FIIVALREIIIEDJCI,FIIVALREIIIN
VILG11,VINCI LOGISTICA FII,FII VINCILOGCI,FIIVINCILOGCI,FIIVINCILOGEDJCI,FIIVINCILOGN
CNTO3,Grupo SBF,CENTAURO ON NM,CENTAUROONNM,CENTAUROONEDJNM,CENTAUROONN
BTCR11,FII BTG PACTUAL CREDITO IMOBILIARIO,FII BTG CRI CI,FIIBTGCRICI,FIIBTGCRIEDJCI,FIIBTGCRIN
MELI34,Mercadolibre BDR,MERCADOLIBREDRN,MERCADOLIBREDRN,MERCADOLIBREDEDJRN,MERCADOLIBREDN
MOAR3,Monteiro Aranha,MONT ARANHA ON,MONTARANHAON,MONTARANHAEDJON,MONTARANHAN
RBVA11,FII Rio Bravo Rendo Varejo,FII RIOB VA CI,FIIRIOBVACI,FIIRIOBVAEDJCI,FIIRIOBVAN
MRSA3B,MRS Logistica,MRS LOGISTICA,MRSLOGISTICA,MRSLOGISTIEDJCA,MRSLOGISTIN
VTLT11,FI Imobiliario Votorantim Logistica,FII VOT LOG CI,FIIVOTLOGCI,FIIVOTLOGEDJCI,FIIVOTLOGN
GTWR11,FII Green Towers,FII G TOWERSCI,FIIGTOWERSCI,FIIGTOWERSEDJCI,FIIGTOWERSN
BIDI11,Banco Inter Unit,BANCO INTER UNT N2,BANCOINTERUNTN2,BANCOINTERUNTEDJN2,BANCOINTERUNTN
BIDI3,Banco Inter ON,BANCO INTER ON N2,BANCOINTERONN2,BANCOINTERONEDJN2,BANCOINTERONN
DMAC11,MAC Fundo de Investimento Imobiliario,FII MAC CI,FIIMACCI,FIIMACEDJCI,FIIMACN
HCTR11,Hectare Ce Fdo Inv Imob,FII HECTARE CI,FIIHECTARECI,FIIHECTAREEDJCI,FIIHECTAREN
HSML11,HSI Malls FII,FII HSI MALLCI,FIIHSIMALLCI,FIIHSIMALLEDJCI,FIIHSIMALLN
XPHT11,XP HOTEIS FDO INV IMOB,FII XP HOT CI,FIIXPHOTCI,FIIXPHOTEDJCI,FIIXPHOTN
XPHT12,XP HOTEIS FII,FII XP HOT CI,FIIXPHOTCI,FIIXPHOTEDJCI,FIIXPHOTN
HABT11,FII HABIT II,FII HABIT IICI,FIIHABITIICI,FIIHABITIIEDJCI,FIIHABITIIN
RECT11,FII UBS (BR) OFFICE,FII REC RENDCI,FIIRECRENDCI,FIIRECRENDEDJCI,FIIRECRENDN
AQLL11,Áquilla,FII AQUILLA CI,FIIAQUILLACI,FIIAQUILLAEDJCI,FIIAQUILLAN
ARFI11B,Áquilla Renda,AQ3 RENDA FD DE IN,AQ3RENDAFDDEIN,AQ3RENDAFDDEEDJIN,AQ3RENDAFDDEN
ATCR11,HAZ,FII HAZ CI,FIIHAZCI,FIIHAZEDJCI,FIIHAZN
BARI11,Barigui Rendimento Imobiliários I,FII BARIGUI CI,FIIBARIGUICI,FIIBARIGUIEDJCI,FIIBARIGUIN
BBIM11,BB Recebiveis Imobiliários,FII BB RECIMCI,FIIBBRECIMCI,FIIBBRECIMEDJCI,FIIBBRECIMN
BMII11,Brasilio Machado,FII BRASILIOCI,FIIBRASILIOCI,FIIBRASILIOEDJCI,FIIBRASILION
BPRP11,FII BRLPROP,FII BRLPROP CI,FIIBRLPROPCI,FIIBRLPROPEDJCI,FIIBRLPROPN
BRHT11B,BR Hotéis,FII BR HOTEIS,FIIBRHOTEIS,FIIBRHOTEEDJIS,FIIBRHOTEN
BVAR11,Brasil Varejo,FII B VAREJOCI,FIIBVAREJOCI,FIIBVAREJOEDJCI,FIIBVAREJON
DAMT11B,Diamante,DIAMANTE FUNDO INV,DIAMANTEFUNDOINV,DIAMANTEFUNDOIEDJNV,DIAMANTEFUNDOIN
DOVL11B,DOVEL,DOVEL FD DE INVST,DOVELFDDEINVST,DOVELFDDEINVEDJST,DOVELFDDEINVN
ELDO11B,Eldorado,ELDORADO FD INV IM,ELDORADOFDINVIM,ELDORADOFDINVEDJIM,ELDORADOFDINVN
ERPA11,Europa 105,FII EUROPA CI,FIIEUROPACI,FIIEUROPAEDJCI,FIIEUROPAN
FINF11,Infra Real State,FII INFRA RECI,FIIINFRARECI,FIIINFRAREEDJCI,FIIINFRAREN
FISC11,SC 401,FII SC 401 CI,FIISC401CI,FIISC401EDJCI,FIISC401N
FISD11,São Domingos,FII DOMINGOSCI,FIIDOMINGOSCI,FIIDOMINGOSEDJCI,FIIDOMINGOSN
FPNG11,Pedra Negra Renda Imobiliária,FII P NEGRA CI,FIIPNEGRACI,FIIPNEGRAEDJCI,FIIPNEGRAN
FTCE11B,Opportunity,OPPORTUNITY FD IMB,OPPORTUNITYFDIMB,OPPORTUNITYFDIEDJMB,OPPORTUNITYFDIN
GESE11B,General Severiano,FD DE INV IMOB GEN,FDDEINVIMOBGEN,FDDEINVIMOBGEDJEN,FDDEINVIMOBGN
HGFF11,CSHG Imobiliário FOF,FII CSHG FOFCI,FIICSHGFOFCI,FIICSHGFOFEDJCI,FIICSHGFOFN
HUSC11,Hospital Unimed Sul Capixaba,FII H UNIMEDCI,FIIHUNIMEDCI,FIIHUNIMEDEDJCI,FIIHUNIMEDN
JPPC11,JPP Capital,FII JPP CAPICI,FIIJPPCAPICI,FIIJPPCAPIEDJCI,FIIJPPCAPIN
KINP11,Even Permuta Kinea,FII EV KINEACI,FIIEVKINEACI,FIIEVKINEAEDJCI,FIIEVKINEAN
LATR11B,Lateres,LATERES FD INV IMB,LATERESFDINVIMB,LATERESFDINVIEDJMB,LATERESFDINVIN
NCHB11,NCH Brasil Recebíveis Imobiliários,FII NCH BRA CI,FIINCHBRACI,FIINCHBRAEDJCI,FIINCHBRAN
NPAR11,Nestpar,FII NESTPAR CI,FIINESTPARCI,FIINESTPAREDJCI,FIINESTPARN
NVHO11,Novo Horizonte,FII NOVOHORICI ER,FIINOVOHORICIER,FIINOVOHORICIEDJER,FIINOVOHORICIN
NVIF11B,Nova I,NOVA I FDO INV IMB,NOVAIFDOINVIMB,NOVAIFDOINVIEDJMB,NOVAIFDOINVIN
ORPD11,Ouro Preto Desenvolvimento Imobiliário I,FII OURO PRTCI,FIIOUROPRTCI,FIIOUROPRTEDJCI,FIIOUROPRTN
PBLV11,Prologis Brazil Logistics Venture,FII PROLOGISCI,FIIPROLOGISCI,FIIPROLOGISEDJCI,FIIPROLOGISN
PRSN11B,Personale I,PERSONALE I FUNDO,PERSONALEIFUNDO,PERSONALEIFUNEDJDO,PERSONALEIFUNN
PRTS11,Multi Properties,FII MULTPROPCI,FIIMULTPROPCI,FIIMULTPROPEDJCI,FIIMULTPROPN
RBCO11,RB Capital Office Income,FII R INCOMECI,FIIRINCOMECI,FIIRINCOMEEDJCI,FIIRINCOMEN
RBFF11,Rio Bravo IFIX,FII RIOB FF CI,FIIRIOBFFCI,FIIRIOBFFEDJCI,FIIRIOBFFN
RBRP11,RBR Properties,FII RBR PROPCI,FIIRBRPROPCI,FIIRBRPROPEDJCI,FIIRBRPROPN
RBRY11,RBR Private Crédito Imobiliário,FII RBR PCRICI,FIIRBRPCRICI,FIIRBRPCRIEDJCI,FIIRBRPCRIN
RCFA11,Grupo RCFA,FII GP RCFA CI,FIIGPRCFACI,FIIGPRCFAEDJCI,FIIGPRCFAN
RCRI11B,RB Capital Rendimentos,RB CAP RENDI IMOB,RBCAPRENDIIMOB,RBCAPRENDIIMEDJOB,RBCAPRENDIIMN
RDPD11,BB Renda de Papeis Imobiliários II,FII BB PAPIICI,FIIBBPAPIICI,FIIBBPAPIIEDJCI,FIIBBPAPIIN
REIT11,Socopa Fundo de Investimento Imobiliário,FII REIT RIVCI,FIIREITRIVCI,FIIREITRIVEDJCI,FIIREITRIVN
SADI11,Santander Papeis Imobiliários CDI,FII SANT PAPCI,FIISANTPAPCI,FIISANTPAPEDJCI,FIISANTPAPN
SAIC11B,Sia Corporate,FUNDO INVEST IMOB,FUNDOINVESTIMOB,FUNDOINVESTIMEDJOB,FUNDOINVESTIMN
SFND11,São Fernando,FII SAO FER CI,FIISAOFERCI,FIISAOFEREDJCI,FIISAOFERN
SHDP11B,Shopping Parque Dom Pedro,FII SHOP PARQUE DP,FIISHOPPARQUEDP,FIISHOPPARQUEEDJDP,FIISHOPPARQUEN
SHOP11,Multi Shoppings,FII MULTSHOPCI,FIIMULTSHOPCI,FIIMULTSHOPEDJCI,FIIMULTSHOPN
SPAF11,SPA Fundo de Investimento Imobiliário,FII SPA CI,FIISPACI,FIISPAEDJCI,FIISPAN
STRX11,STARX FII,FII STARX CI ES,FIISTARXCIES,FIISTARXCIEDJES,FIISTARXCIN
TORM13,Tourmalet I,FII TOURMALECI,FIITOURMALECI,FIITOURMALEEDJCI,FIITOURMALEN
TOUR11,Tourmalet II,FII TOUR II CI,FIITOURIICI,FIITOURIIEDJCI,FIITOURIIN
TSNC11,Transinc,FII TRANSINCCI,FIITRANSINCCI,FIITRANSINCEDJCI,FIITRANSINCN
VERE11,Vereda,FII VEREDA CI,FIIVEREDACI,FIIVEREDAEDJCI,FIIVEREDAN
VLJS11,Vector Queluz Lajes Corporativas,FII VQ LAJESCI,FIIVQLAJESCI,FIIVQLAJESEDJCI,FIIVQLAJESN
VPSI11,Polo Shopping Indaiatuba,FII POLO SHOCI,FIIPOLOSHOCI,FIIPOLOSHOEDJCI,FIIPOLOSHON
WTSP11B,Ourinvest RE I,FII OURINVEST RE I,FIIOURINVESTREI,FIIOURINVESTREEDJI,FIIOURINVESTREN
VIVA3,Vivara,VIVARA S.A. ON NM,VIVARAS.A.ONNM,VIVARAS.A.ONEDJNM,VIVARAS.A.ONN
CEAB3,C A Modas SA,CEA MODAS ON NM,CEAMODASONNM,CEAMODASONEDJNM,CEAMODASONN
BMGB4,Banco BMG ON,BANCO BMG PN N1,BANCOBMGPNN1,BANCOBMGPNEDJN1,BANCOBMGPNN
RBCO11,Rb Cap,FII R INCOMECI,FIIRINCOMECI,FIIRINCOMEEDJCI,FIIRINCOMEN
IBFF11,Integral Brei Reit,FII FOF BREICI,FIIFOFBREICI,FIIFOFBREIEDJCI,FIIFOFBREIN
CVBI11,Vbi Cri,FII VBI CRI CI,FIIVBICRICI,FIIVBICRIEDJCI,FIIVBICRIN
HRDF11,Hedge Realty,FII HREALTY CI,FIIHREALTYCI,FIIHREALTYEDJCI,FIIHREALTYN
RSPD11,Rb Cap,FII RBRESID3CI,FIIRBRESID3CI,FIIRBRESID3EDJCI,FIIRBRESID3N
TCPF11,Treecorp,FII TREECORPCI,FIITREECORPCI,FIITREECORPEDJCI,FIITREECORPN
