Ticker,InvName,B3Name,nosName
ABCB4,ABC BRASIL PN,ABC BRASIL PN N2,ABCBRASILPNN2
AGRO3,BRASILAGRO ON,BRASILAGRO ON NM,BRASILAGROONNM
RAIL3,RUMO ON NM,RUMO S.A. ON NM,RUMOS.A.ONNM
ALPA3,ALPARGATAS ON,ALPARGATAS ON N1,ALPARGATASONN1
ALPA4,ALPARGATAS PN,ALPARGATAS PN N1,ALPARGATASPNN1
ALSO3,Aliansce Sonae,ALIANSCSONAEON NM,ALIANSCSONAEONNM
AMAR3,LOJAS MARISA ON,LOJAS MARISAON NM,LOJASMARISAONNM
ABEV3,AMBEV S/A ON,AMBEV S/A ON,AMBEVS/AON
ADHM3,Advanced Digital Health,"ADVANCED,DH ON","ADVANCED,DHON"
ARZZ3,AREZZO CO ON,AREZZO CO ON NM,AREZZOCOONNM
BBAS3,BRASIL ON,BRASIL ON NM,BRASILONNM
BBAS3,BRASIL ON EJ NM,BRASIL ON EJNM,BRASILONEJNM
BBDC3,BRADESCO ON,BRADESCO ON N1,BRADESCOONN1
BBDC4,BRADESCO PN EJ N1,BRADESCO PN N1,BRADESCOPNN1
BBRK3,BR BROKERS ON,BR BROKERS ON NM,BRBROKERSONNM
BEEF3,MINERVA ON,MINERVA ON NM,MINERVAONNM
BOAS3,BOAVISTA ON NM,BOAVISTA ON N1,BOAVISTAONNM
BPAN4,BANCO PAN SA PN,BANCO PAN PN N1,BANCOPANPNN1
BRAP3,BRADESPAR ON,BRADESPAR ON N1,BRADESPARONN1
BRAP4,BRADESPAR PN,BRADESPAR PN N1,BRADESPARPNN1
BRFS3,BRF SA ON,BRF SA ON NM,BRFSAONNM
APER3,BR Insurance Corretora,ALPER S.A. ON NM,ALPERS.A.ONNM
BRKM3,BRASKEM ON,BRASKEM ON N1,BRASKEMONN1
BRKM5,BRASKEM PNA,BRASKEM PNA N1,BRASKEMPNAN1
BRML3,BR MALLS PAR ON,BR MALLS PARON NM,BRMALLSPARONNM
BRPR3,BR PROPERT ON,BR PROPERT ON NM,BRPROPERTONNM
BRSR6,BANRISUL PNB,BANRISUL PNB N1,BANRISULPNBN1
OIBR3,OI ON N1,OI ON N1,OIONN1
OIBR4,OI PN,OI PN N1,OIPNN1
BTOW3,B2W DIGITAL ON,B2W DIGITAL ON NM,B2WDIGITALONNM
B3SA3,B3 SA Brasil Bolsa Balcao,B3 ON NM,B3ONNM
CARD3,CSU CARDSYST ON,CSU CARDSYSTON NM,CSUCARDSYSTONNM
CCPR3,CYRE COM-CCP ON,CYRE COM-CCPON NM,CYRECOM-CCPONNM
CCRO3,CCR SA ON,CCR SA ON NM,CCRSAONNM
CEDO4,CEDRO PN,CEDRO PN N1,CEDROPNN1
CEED3,CEEE-D ON,CEEE-D ON N1,CEEE-DONN1
CESP6,CESP PNB,CESP PNB N1,CESPPNBN1
CGAS5,COMGAS PNA,COMGAS PNA,COMGASPNA
CGRA4,GRAZZIOTIN PN,GRAZZIOTIN PN,GRAZZIOTINPN
CIEL3,CIELO ON,CIELO ON NM,CIELOONNM
CMIG3,CEMIG ON,CEMIG ON N1,CEMIGONN1
CMIG4,CEMIG PN,CEMIG PN N1,CEMIGPNN1
COCE5,COELCE PNA,COELCE PNA,COELCEPNA
CPFE3,CPFL ENERGIAON NM,CPFL ENERGIAON NM,CPFLENERGIAONNM
CPLE3,COPEL ON,COPEL ON N1,COPELONN1
CPLE6,COPEL PNB,COPEL PNB N1,COPELPNBN1
CRDE3,CR2 ON,CR2 ON,CR2ON
CSAN3,COSAN ON,COSAN ON NM,COSANONNM
CSMG3,COPASA ON,COPASA ON NM,COPASAONNM
CSNA3,SID NACIONAL ON,SID NACIONALON,SIDNACIONALON
CTNM4,COTEMINAS PN,COTEMINAS PN,COTEMINASPN
CYRE3,CYRELA REALT ON,CYRELA REALTON NM,CYRELAREALTONNM
DASA3,DASA ON,DASA ON,DASAON
DIRR3,DIRECIONAL ON,DIRECIONAL ON NM,DIRECIONALONNM
DTEX3,DURATEX ON,DURATEX ON NM,DURATEXONNM
ECOR3,ECORODOVIAS ON,ECORODOVIAS ON NM,ECORODOVIASONNM
EEEL3,CEEE-GT ON,CEEE-GT ON N1,CEEE-GTONN1
ELET3,ELETROBRAS ON,ELETROBRAS ON N1,ELETROBRASONN1
ELET6,ELETROBRAS PNB,ELETROBRAS PNB N1,ELETROBRASPNBN1
EMBR3,EMBRAER ON,EMBRAER ON NM,EMBRAERONNM
ENBR3,ENERGIAS BR ON,ENERGIAS BR ON NM,ENERGIASBRONNM
ENGI4,ENERGISA PN,ENERGISA PN N2,ENERGISAPNN2
EQTL3,EQUATORIAL ON,EQUATORIAL ON NM,EQUATORIALONNM
YDUQ3,YDUQS Part ON,YDUQS PART ON NM,YDUQSPARTONNM
ETER3,ETERNIT ON,ETERNIT ON NM,ETERNITONNM
EUCA4,EUCATEX PN,EUCATEX PN N1,EUCATEXPNN1
EVEN3,EVEN ON,EVEN ON NM,EVENONNM
EZTC3,EZTEC ON,EZTEC ON NM,EZTECONNM
FESA4,FERBASA PN,FERBASA PN N1,FERBASAPNN1
FHER3,FER HERINGER ON,FER HERINGERON NM,FERHERINGERONNM
TASA4,Taurus Armas PN,TAURUS ARMASPN N2,TAURUSARMASPNN2
FLRY3,FLEURY ON,FLEURY ON NM,FLEURYONNM
FRIO3,METALFRIO ON,METALFRIO ON NM,METALFRIOONNM
TIET3,AES TIETE E ON N2,AES TIETE E ON N2,AESTIETEEONN2
TIET4,AES TIETE E PN N2,AES TIETE E PN N2,AESTIETEEPNN2
GFSA3,GAFISA ON,GAFISA ON NM,GAFISAONNM
GGBR3,GERDAU ON,GERDAU ON N1,GERDAUONN1
GGBR4,GERDAU PN N1,GERDAU PN N1,GERDAUPNN1
GOAU3,GERDAU MET ON,GERDAU MET ON N1,GERDAUMETONN1
GOAU4,GERDAU MET PN,GERDAU MET PN N1,GERDAUMETPNN1
GOLL4,GOL PN N2,GOL PN N2,GOLPNN2
GRND3,GRENDENE ON,GRENDENE ON NM,GRENDENEONNM
GSHP3,GENERALSHOPP ON,GENERALSHOPPON NM,GENERALSHOPPONNM
HBOR3,HELBOR ON,HELBOR ON NM,HELBORONNM
HGTX3,CIA HERING ON,CIA HERING ON NM,CIAHERINGONNM
PRIO3,PETRORIO ON NM,PETRORIO ON NM,PETRORIOONNM
HYPE3,HYPERMARCAS ON,HYPERA ON NM,HYPERAONNM
IDVL4,INDUSVAL PN,INDUSVAL PN,INDUSVALPN
IGTA3,IGUATEMI ON,IGUATEMI ON NM,IGUATEMIONNM
MEAL3,International Meal Company,IMC S/A ON NM,IMCS/AONNM
INEP3,INEPAR ON,INEPAR ON,INEPARON
INEP4,INEPAR PN,INEPAR PN,INEPARPN
ITSA3,ITAUSA ON,ITAUSA ON N1,ITAUSAONN1
ITSA4,ITAUSA PN,ITAUSA PN N1,ITAUSAPNN1
ITUB3,ITAUUNIBANCO ON,ITAUUNIBANCOON N1,ITAUUNIBANCOONN1
ITUB4,ITAUUNIBANCOPN EB N1,ITAUUNIBANCOPN N1,ITAUUNIBANCOPNN1
ITUB4,ITAUUNIBANCO PN ED N1,ITAUUNIBANCO PNED N1,ITAUUNIBANCOPNEDN1
JBSS3,JBS ON,JBS ON NM,JBSONNM
JFEN3,JOAO FORTES ON,JOAO FORTES ON,JOAOFORTESON
JHSF3,JHSF PART ON,JHSF PART ON NM,JHSFPARTONNM
JSLG3,JSL ON,JSL ON NM,JSLONNM
KEPL3,KEPLER WEBER ON,KEPLER WEBERON,KEPLERWEBERON
KLBN4,KLABIN S/A PN,KLABIN S/A PN N2,KLABINS/APNN2
LAME3,LOJAS AMERIC ON,LOJAS AMERICON N1,LOJASAMERICONN1
LAME4,LOJAS AMERIC PN,LOJAS AMERICPN N1,LOJASAMERICPNN1
LEVE3,METAL LEVE ON,METAL LEVE ON NM,METALLEVEONNM
LIGT3,LIGHT S/A ON,LIGHT S/A ON NM,LIGHTS/AONNM
LLIS3,LE LIS BLANC ON,LE LIS BLANCON NM,LELISBLANCONNM
LOGN3,LOG-IN ON,LOG-IN ON NM,LOG-INONNM
LPSB3,LOPES BRASIL ON,LOPES BRASILON NM,LOPESBRASILONNM
LREN3,LOJAS RENNER ON,LOJAS RENNERON NM,LOJASRENNERONNM
LUPA3,LUPATECH ON,LUPATECH ON NM,LUPATECHONNM
MDIA3,M.DIASBRANCO ON,M.DIASBRANCOON NM,M.DIASBRANCOONNM
MGEL4,MANGELS INDL PN,MANGELS INDLPN,MANGELSINDLPN
MGLU3,MAGAZ LUIZA ON,MAGAZ LUIZA ON NM,MAGAZLUIZAONNM
MILS3,MILLS ON,MILLS ON NM,MILLSONNM
MMXM3,MMX MINER ON,MMX MINER ON NM,MMXMINERONNM
ENEV3,ENEVA ON NM,ENEVA ON NM,ENEVAONNM
MRFG3,MARFRIG ON,MARFRIG ON NM,MARFRIGONNM
MRVE3,MRV ON,MRV ON NM,MRVONNM
MTIG4,METAL IGUACU PN,METAL IGUACUPN,METALIGUACUPN
MULT3,MULTIPLAN ON,MULTIPLAN ON N2,MULTIPLANONN2
MYPK3,IOCHP-MAXION ON,IOCHP-MAXIONON NM,IOCHP-MAXIONONNM
ODPV3,ODONTOPREV ON,ODONTOPREV ON NM,ODONTOPREVONNM
OSXB3,OSX BRASIL ON,OSX BRASIL ON NM,OSXBRASILONNM
PDGR3,PDG REALT ON,PDG REALT ON NM,PDGREALTONNM
PETR3,PETROBRAS ON,PETROBRAS ON N2,PETROBRASONN2
PETR4,PETROBRAS PN,PETROBRAS PN N2,PETROBRASPNN2
PETR4,PETROBRAS PN EJ N2,PETROBRAS PN EJN2,PETROBRASPNEJN2
PFRM3,PROFARMA ON,PROFARMA ON NM,PROFARMAONNM
PINE4,PINE PN,PINE PN N2,PINEPNN2
PLAS3,PLASCAR PART ON,PLASCAR PARTON,PLASCARPARTON
PMAM3,PARANAPANEMA ON,PARANAPANEMAON NM,PARANAPANEMAONNM
POMO3,MARCOPOLO ON,MARCOPOLO ON N2,MARCOPOLOONN2
POMO4,MARCOPOLO PN,MARCOPOLO PN N2,MARCOPOLOPNN2
POSI3,POSITIVO INF ON,POSITIVO TECON NM,POSITIVOTECONNM
PSSA3,PORTO SEGURO ON,PORTO SEGUROON NM,PORTOSEGUROONNM
PTBL3,PORTOBELLO ON,PORTOBELLO ON NM,PORTOBELLOONNM
PTNT4,PETTENATI PN,PETTENATI PN,PETTENATIPN
ENAT3,Enauta ON,ENAUTA PART ON NM,ENAUTAPARTONNM
QUAL3,QUALICORP ON,QUALICORP ON NM,QUALICORPONNM
RAPT3,RANDON PART ON,RANDON PART ON N1,RANDONPARTONN1
RAPT4,RANDON PART PN,RANDON PART PN N1,RANDONPARTPNN1
RDNI3,RODOBENSIMOB ON,RNI ON NM,RNIONNM
RENT3,LOCALIZA ON,LOCALIZA ON NM,LOCALIZAONNM
FRTA3,Pomifrutas,POMIFRUTAS ON NM,POMIFRUTASONNM
RNEW11,RENOVA UNT,RENOVA UNT N2,RENOVAUNTN2
ROMI3,INDS ROMI ON,INDS ROMI ON NM,INDSROMIONNM
RSID3,ROSSI RESID ON,ROSSI RESID ON NM,ROSSIRESIDONNM
SANB11,SANTANDER BR UNT,SANTANDER BRUNT,SANTANDERBRUNT
SBSP3,SABESP ON,SABESP ON NM,SABESPONNM
SCAR3,SAO CARLOS ON,SAO CARLOS ON NM,SAOCARLOSONNM
SGPS3,SPRINGS ON,SPRINGS ON NM,SPRINGSONNM
SHOW3,TIME FOR FUN ON,TIME FOR FUNON NM,TIMEFORFUNONNM
SLCE3,SLC AGRICOLA ON,SLC AGRICOLAON NM,SLCAGRICOLAONNM
SLED4,SARAIVA LIVR PN,SARAIVA LIVRPN N2,SARAIVALIVRPNN2
SMTO3,SAO MARTINHO ON,SAO MARTINHOON NM,SAOMARTINHOONNM
SULA11,SUL AMERICA UNT,SUL AMERICA UNT N2,SULAMERICAUNTN2
EGIE3,ENGIE BRASILON NM,ENGIE BRASILON NM,ENGIEBRASILONNM
TCSA3,TECNISA ON,TECNISA ON NM,TECNISAONNM
TECN3,TECHNOS ON,TECHNOS ON NM,TECHNOSONNM
TEKA4,TEKA PN,TEKA PN,TEKAPN
TGMA3,TEGMA ON,TEGMA ON NM,TEGMAONNM
TOTS3,TOTVS ON,TOTVS ON NM,TOTVSONNM
TPIS3,TRIUNFO PART ON,TRIUNFO PARTON NM,TRIUNFOPARTONNM
TRIS3,TRISUL ON,TRISUL ON NM,TRISULONNM
TAEE11,TAESA UNT,TAESA UNT N2,TAESAUNTN2
TRPL4,TRAN PAULIST PN,TRAN PAULISTPN N1,TRANPAULISTPNN1
TRPL4,TRANPAULIST PN EDJ N1,TRANPAULIST PN EDJN1,TRANPAULISTPNEDJN1
UGPA3,ULTRAPAR ON NM,ULTRAPAR ON NM,ULTRAPARONNM
UNIP3,UNIPAR ON,UNIPAR ON,UNIPARON
UNIP6,UNIPAR PNB,UNIPAR PNB,UNIPARPNB
USIM3,USIMINAS ON,USIMINAS ON N1,USIMINASONN1
USIM5,USIMINAS PNA,USIMINAS PNA N1,USIMINASPNAN1
TESA3,TERRA SANTA ON,TERRA SANTA ON NM,TERRASANTAONNM
VALE3,VALE ON,VALE ON NM,VALEONNM
VALE3,VALE ON EDJ NM,VALE ON EDJNM,VALEONEDJNM
VIVR3,VIVER ON,VIVER ON NM,VIVERONNM
VIVT3,TELEF BRASIL ON,TELEF BRASILON,TELEFBRASILON
VLID3,VALID ON,VALID ON NM,VALIDONNM
WEGE3,WEG ON,WEG ON NM,WEGONNM
BRSR5,BANRISUL PNA,BANRISUL PNA N1,BANRISULPNAN1
CESP5,CESP PNA,CESP PNA N1,CESPPNAN1
SANB4,SANTANDER BRPN,SANTANDER BRPN,SANTANDERBRPN
STBP3,Santos Brasil Participacoes,SANTOS BRP ON NM,SANTOSBRPONNM
CESP3,CESP ON,CESP ON N1,CESPONN1
CGRA3,GRAZZIOTIN ON,GRAZZIOTIN ON,GRAZZIOTINON
CLSC4,CELESC PN,CELESC PN N2,CELESCPNN2
COCE3,COELCE ON,COELCE ON,COELCEON
TASA3,Taurus Armas ON,TAURUS ARMASON N2,TAURUSARMASONN2
COGN3,Cogna Educacao,COGNA ON ON NM,COGNAONONNM
LCAM3,LOCAMERICA ON NM,LOCAMERICA ON NM,LOCAMERICAONNM
RADL3,RAIADROGASIL ON,RAIADROGASILON NM,RAIADROGASILONNM
UCAS3,UNICASA ON,UNICASA ON NM,UNICASAONNM
ALUP11,Alupar Invest Unit,ALUPAR UNT N2,ALUPARUNTN2
ANIM3,Anima ON,ANIMA ON NM,ANIMAONNM
BBSE3,BBSEGURIDADE ON NM,BBSEGURIDADEON NM,BBSEGURIDADEONNM
BSEV3,Biosev ON,BIOSEV ON NM,BIOSEVONNM
CVCB3,CVC BRASIL ON NM,CVC BRASIL ON NM,CVCBRASILONNM
LINX3,LINX ON NM,LINX ON NM,LINXONNM
SEER3,Ser Educa ON,SER EDUCA ON NM,SEREDUCAONNM
SMLS3,Smiles Fidelidade,SMILES ON NM,SMILESONNM
TUPY3,Tupy ON,TUPY ON NM,TUPYONNM
SQIA3,Senior Solution,SINQIA ON NM,SINQIAONNM
BIOM3,Biomm On,BIOMM ON MA,BIOMMONMA
KLBN11,KLABIN S/A UNT N2,KLABIN S/A UNT N2,KLABINS/AUNTN2
NUTR3,Nutriplant,NUTRIPLANT ON MA,NUTRIPLANTONMA
BAZA3,Banco da Amazonia SA ON,AMAZONIA ON,AMAZONIAON
HGBS11,CSHG Brasil Shopping,FII HEDGEBS CI,FIIHEDGEBSCI
HGPO11,CSHG JHSF Prime Offices,FII CSHGPRIMCI,FIICSHGPRIMCI
MBRF11,Mercantil do Brasil,FII MERC BR CI,FIIMERCBRCI
TCNO3,Tecnosolo Engenharia SA ON,TECNOSOLO ON,TECNOSOLOON
ABCP11,FII ABC IMOB,FII ABC IMOBCI,FIIABCIMOBCI
RBED11,Fdo Inv Imob Rio Bravo Renda Educacional,FII RIOB ED CI,FIIRIOBEDCI
BBPO11,FII BB PRGII,FII BB PRGIICI,FIIBBPRGIICI
BBRC11,FII BB CORP,FII BB CORP CI,FIIBBCORPCI
BPFF11,FII ABSOLUTO,FII ABSOLUTOCI,FIIABSOLUTOCI
BRCR11,FII BC FUND,FII BC FUND CI,FIIBCFUNDCI
CTXT11,FII C TEXTIL,FII C TEXTILCI,FIICTEXTILCI
CXTL11,FII CX TRX,FII CX TRX CI,FIICXTRXCI
EURO11,FII EUROPAR,FII EUROPAR CI,FIIEUROPARCI
RCRB11,FII Rio Bravo Renda Corporativa,FII RIOB RC CI,FIIRIOBRCCI
FIGS11,FII GEN SHOP,FII GEN SHOPCI,FIIGENSHOPCI
FLMA11,FII S F LIMA,FII S F LIMACI,FIISFLIMACI
FPAB11,FII A BRANCA,FII A BRANCACI,FIIABRANCACI
HMOC11,FII GWI RI,FII HEDMOCA CI,FIIHEDMOCACI
HGCR11,FII CSHG CRI,FII CSHG CRICI,FIICSHGCRICI
HGLG11,FII CSHG LOG,FII CSHG LOGCI,FIICSHGLOGCI
HGRE11,FII HG REAL,FII HG REAL CI,FIIHGREALCI
JSRE11,FII JS REAL,FII JS REAL CI,FIIJSREALCI
KNCR11,FII KINEA RI,FII KINEA RICI,FIIKINEARICI
KNRE11,FII KII REAL,FII KII REALCI,FIIKIIREALCI
KNRI11,FII KINEA,FII KINEA CI,FIIKINEACI
MXRF11,FII MAXI REN,FII MAXI RENCI,FIIMAXIRENCI
ONEF11,FII THE ONE,FII THE ONE CI,FIITHEONECI
PQDP11,FII D PEDRO,FII D PEDRO CI,FIIDPEDROCI
PRSV11,FII P VARGAS,FII P VARGASCI,FIIPVARGASCI
RBBV11,FII JHSF FBV,FII JHSF FBVCI,FIIJHSFFBVCI
RBGS11,FII RB GSB I,FII RB GSB ICI,FIIRBGSBICI
RBRD11,FII RB II,FII RB II CI,FIIRBIICI
RBVO11,FII RIOBCRI2,FII RIOBCRI2CI,FIIRIOBCRI2CI
RNDP11,FII BB R PAP,FII BB R PAPCI,FIIBBRPAPCI
RNGO11,FII RIONEGRO,FII RIONEGROCI,FIIRIONEGROCI
SDIL11,FII SDI LOG,FII SDI LOG CI,FIISDILOGCI
SHPH11,FII HIGIENOP,FII HIGIENOPCI,FIIHIGIENOPCI
SPTW11,FII SP DOWNT,FII SP DOWNTCI,FIISPDOWNTCI
TBOF11,FII TBOFFICE,FII TBOFFICECI,FIITBOFFICECI
VLOL11,FII OLIMPIA,FII OLIMPIA CI,FIIOLIMPIACI
VRTA11,FII FATOR VE,FII FATOR VECI,FIIFATORVECI
XPCM11,FII XP MACAE,FII XP MACAECI,FIIXPMACAECI
XTED11,FII TRXE COR,FII TRXE CORCI,FIITRXECORCI
SANB3,SANTANDER BRON,SANTANDER BRON,SANTANDERBRON
FRAS3,Fras Le SA,FRAS-LE ON N1,FRAS-LEONN1
GEPA4,Duke Energy Intl Geracao Para,GER PARANAP PN,GERPARANAPPN
OFSA3,Ouro Fino Saude Animal Particip,OUROFINO S/AON NM,OUROFINOS/AONNM
RLOG3,Cosan Logistica SA,COSAN LOG ON NM,COSANLOGONNM
AAPL34,Apple Inc BDR,APPLE DRN,APPLEDRN
ABTT34,Abbott Laboratories BDR,ABBOTT DRN,ABBOTTDRN
AMGN34,Amgen Inc BDR,AMGEN DRN,AMGENDRN
AMZO34,Amazon.com Inc BDR,AMAZON DRN,AMAZONDRN
ARMT34,ArcelorMittal BDR,ARCELOR DRN,ARCELORDRN
ATTB34,ATT Inc BDR,ATT INC DRN,ATTINCDRN
AXPB34,American Express Co BDR,AMERICAN EXPDRN,AMERICANEXPDRN
BERK34,Berkshire Hathaway BDR,BERKSHIRE DRN,BERKSHIREDRN
BOAC34,Bank of America Corp BDR,BANK AMERICADRN,BANKAMERICADRN
CATP34,Caterpillar Inc BDR,CATERPILLAR DRN,CATERPILLARDRN
CMCS34,Comcast Corp BDR,COMCAST DRN,COMCASTDRN
COCA34,The Coca Cola Co BDR,COCA COLA DRN,COCACOLADRN
CSCO34,Cisco Systems Inc BDR,CISCO DRN,CISCODRN
DISB34,Walt Disney Co BDR,WALT DISNEY DRN,WALTDISNEYDRN
EXXO34,Exxon Mobil Corp BDR,EXXON MOBIL DRN,EXXONMOBILDRN
FDMO34,Ford Motor Co BDR,FORD MOTORS DRN,FORDMOTORSDRN
GEOO34,General Electric Co BDR,GE DRN,GEDRN
GSGI34,Goldman Sachs Group BDR,GOLDMANSACHSDRN,GOLDMANSACHSDRN
HALI34,Halliburton Co BDR,HALLIBURTON DRN,HALLIBURTONDRN
HOME34,Home Depot Inc BDR,HOME DEPOT DRN,HOMEDEPOTDRN
HPQB34,Hewlett Packard Co BDR,HP COMPANY DRN,HPCOMPANYDRN
ITLC34,Intel Corp BDR,INTEL DRN,INTELDRN
JNJB34,Johnson Johnson BDR,JOHNSON DRN,JOHNSONDRN
JPMC34,JPMorgan Chase Co BDR,JPMORGAN DRN,JPMORGANDRN
LMTB34,Lockheed Martin Corp BDR,LOCKHEED DRN,LOCKHEEDDRN
MMMC34,3M Co BDR,3M DRN,3MDRN
MRCK34,Merck Co Inc BDR,MERCK DRN,MERCKDRN
MSCD34,MasterCard Inc BDR,MASTERCARD DRN,MASTERCARDDRN
MSFT34,Microsoft Corp BDR,MICROSOFT DRN,MICROSOFTDRN
NIKE34,Nike Inc BDR,NIKE DRN,NIKEDRN
ORCL34,Oracle Corp BDR,ORACLE DRN,ORACLEDRN
PFIZ34,Pfizer Inc BDR,PFIZER DRN,PFIZERDRN
PGCO34,Procter Gamble Co BDR,PG DRN,PGDRN
SBUB34,Starbucks Corp BDR,STARBUCKS DRN,STARBUCKSDRN
VERZ34,Verizon Communications BDR,VERIZON DRN,VERIZONDRN
VISA34,Visa Inc BDR,VISA INC DRN,VISAINCDRN
WALM34,Wal Mart Stores Inc BDR,WAL MART DRN,WALMARTDRN
WFCO34,Wells Fargo Co BDR,WELLS FARGO DRN,WELLSFARGODRN
WIZS3,FPC Par Corretora De Seguros,WIZ S.A. ON NM,WIZS.A.ONNM
BOEI34,Boeing Co BDR,BOEING DRN,BOEINGDRN
CHVX34,Chevron Corp BDR,CHEVRON DRN,CHEVRONDRN
COPH34,ConocoPhillips DRC,COPHILLIPS DRN,COPHILLIPSDRN
CTGP34,Citigroup Inc BDR,CITIGROUP DRN,CITIGROUPDRN
FBOK34,Facebook Inc BDR,FACEBOOK DRN,FACEBOOKDRN
IBMB34,International Business Machines BDR,IBM DRN,IBMDRN
LILY34,Eli Lilly and Co BDR,LILLY DRN,LILLYDRN
MCDC34,McDonalds Corp BDR,MCDONALDS DRN,MCDONALDSDRN
MFII11,Fundo Investimento Imobil Merito,FII MERITO ICI,FIIMERITOICI
MSBR34,Morgan Stanley Bank AG,MORGAN STAN DRN,MORGANSTANDRN
NFLX34,Netflix Inc DRC,NETFLIX DRN,NETFLIXDRN
PEPB34,PepsiCo Inc BDR,PEPSICO INC DRN,PEPSICOINCDRN
SLBG34,Schlumberger AG,SCHLUMBERGERDRN,SCHLUMBERGERDRN
UPSS34,United Parcel Service Inc,UPS DRN,UPSDRN
USBC34,U.S. Bancorp DRC,US BANCORP DRN,USBANCORPDRN
GUAR3,Guararapes Confeccoes ON,GUARARAPES ON,GUARARAPESON
ACNB34,Accenture PLC BDR,ACCENTURE DRN,ACCENTUREDRN
BONY34,Bank of New York Mellon Corp BDR,BNY MELLON DRN,BNYMELLONDRN
DHER34,Danaher Corp BDR,DANAHER CORPDRN,DANAHERCORPDRN
IGBR3,Gradiente Electronica SA,IGB S/A ON,IGBS/AON
KMBB34,Kimberly Clark Corp BDR,KIMBERLY CL DRN,KIMBERLYCLDRN
METB34,Metlife Inc BDR,METLIFE INC DRN,METLIFEINCDRN
TELB4,Telecomunicacoes Brasileira SA Pref,TELEBRAS PN,TELEBRASPN
TGTB34,Target Corp BDR,TARGET CORP DRN,TARGETCORPDRN
WHRL3,Whirlpool SA,WHIRLPOOL ON,WHIRLPOOLON
BMYB34,Bristol Myers Squibb Company BDR,BRISTOLMYERSDRN,BRISTOLMYERSDRN
COLG34,Colgate Palmolive Co BDR,COLGATE DRN,COLGATEDRN
COTY34,Coty Inc BDR,COTY INC DRN,COTYINCDRN
EBAY34,eBay Inc BDR,EBAY DRN,EBAYDRN
FCXO34,Freeport Mcmoran Copper Gold Inc,FREEPORT DRN,FREEPORTDRN
FDXB34,FedEx Corp BDR,FEDEX CORP DRN,FEDEXCORPDRN
GDBR34,General Dynamics Corp BDR,GEN DYNAMICSDRN,GENDYNAMICSDRN
HSHY34,The Hershey Company BDR,HERSHEY CO DRN,HERSHEYCODRN
MDLZ34,Mondelez International Inc BDR,MONDELEZ INTDRN,MONDELEZINTDRN
MOSC34,The Mosaic Company BDR,MOSAIC CO DRN,MOSAICCODRN
QCOM34,Qualcomm Inc BDR,QUALCOMM DRN,QUALCOMMDRN
TEXA34,Texas Instruments Inc BDR,TEXAS INC DRN,TEXASINCDRN
WUNI34,The Western Union Company BDR,WESTERNUNIONDRN,WESTERNUNIONDRN
XRXB34,Xerox Corp BDR,XEROX CORP DRN,XEROXCORPDRN
SHUL4,Schulz SA,SCHULZ PN,SCHULZPN
ATOM3,Atom Participacoes,ATOMPAR ON,ATOMPARON
KHCB34,Kraft Heinz DRC,KRAFT HEINZ DRN,KRAFTHEINZDRN
TIET11,AES TIETE E UNT N2,AES TIETE E UNT N2,AESTIETEEUNTN2
SAPR4,Companhia de Saneamento,SANEPAR PN N2,SANEPARPNN2
CRIV4,Financeira Alfa,ALFA FINANC PN,ALFAFINANCPN
RPMG3,Refinaria de Petroleos,PET MANGUINHON,PETMANGUINHON
BRSR3,BANRISUL ON N1,BANRISUL ON N1,BANRISULONN1
ENGI11,Energisa,ENERGISA UNT N2,ENERGISAUNTN2
SNSY5,Sansuy,SANSUY PNA,SANSUYPNA
DMMO3,Ogx Petroleo e Gas,DOMMO ON,DOMMOON
AZEV4,Azevedo & Travassos Pref,AZEVEDO PN,AZEVEDOPN
BAHI3,Bahema,BAHEMA ON MA,BAHEMAONMA
BALM4,Baumer Pref,BAUMER PN,BAUMERPN
BAUH4,Excelsior Alimentos Pref,EXCELSIOR PN,EXCELSIORPN
BDLL4,Bardella Pref,BARDELLA PN,BARDELLAPN
BEES3,Banestes,BANESTES ON,BANESTESON
BEES4,Banestes Pref,BANESTES PN,BANESTESPN
BGIP4,Banese Pref,BANESE PN,BANESEPN
BMEB3,Mercantil do Brasil,MERC BRASIL ON N1,MERCBRASILONN1
BMEB4,Mercantil do Brasil Pref,MERC BRASIL PN N1,MERCBRASILPNN1
BMIN3,Mercantil de Investimentos,MERC INVEST ON,MERCINVESTON
BMIN4,Mercantil de Investimentos Pref,MERC INVEST PN,MERCINVESTPN
BMKS3,Bicicletas Monark,BIC MONARK ON,BICMONARKON
BNBR3,BNB,NORD BRASIL ON,NORDBRASILON
BOBR4,Bombril,BOMBRIL PN,BOMBRILPN
BRIV3,Banco Alfa,ALFA INVEST ON,ALFAINVESTON
BRIV4,Banco Alfa Pref,ALFA INVEST PN,ALFAINVESTPN
BSLI4,BRB Pref,BRB BANCO PN,BRBBANCOPN
BTTL3,Battistella Administracao,BATTISTELLA ON,BATTISTELLAON
CBEE3,Ampla,AMPLA ENERG ON,AMPLAENERGON
CEEB3,Coelba,COELBA ON,COELBAON
CEEB5,Coelba Pref,COELBA PNA,COELBAPNA
CEPE5,Celpe Pref,CELPE PNA,CELPEPNA
CGAS3,Comgas,COMGAS ON,COMGASON
CRIV3,Financeira Alfa ORD,ALFA FINANC ON,ALFAFINANCON
CRPG5,Cristal Pigmentos do Brasil Pref A,CRISTAL PNA,CRISTALPNA
CRPG6,Cristal Pigmentos do Brasil Pref B,CRISTAL PNB,CRISTALPNB
CSRN3,Cosern,COSERN ON,COSERNON
CTKA4,Karsten Pref,KARSTEN PN,KARSTENPN
CTNM3,COTEMINAS,COTEMINAS ON,COTEMINASON
CTSA3,Santanense,SANTANENSE ON,SANTANENSEON
CTSA4,Santanense Pref,SANTANENSE PN,SANTANENSEPN
DOHL4,Dohler Pref,DOHLER PN,DOHLERPN
DTCY3,Dtcom,DTCOM-DIRECTON,DTCOM-DIRECTON
EALT4,Electro Aco Altona Pref,ACO ALTONA PN,ACOALTONAPN
EKTR4,Elektro Pref,ELEKTRO PN,ELEKTROPN
EMAE4,EMAE Pref,EMAE PN,EMAEPN
ENGI3,Energisa ORD,ENERGISA ON N2,ENERGISAONN2
ENMT3,Energisa MT,ENERGISA MT ON,ENERGISAMTON
ESTR4,Brinquedos Estrela,ESTRELA PN,ESTRELAPN
FESA3,Ferbasa,FERBASA ON N1,FERBASAONN1
FNAM11,Fundo de Investimento da Amazonia,FINAM CI *,FINAMCI*
FSRF11,Fdo Inv Setorial FL E Ref Fiset FL Ref,FISET FL REFCI,FISETFLREFCI
GPCP3,GPC Participacoes,GPC PART ON,GPCPARTON
HAGA4,Haga Pref,HAGA S/A PN,HAGAS/APN
HBTS5,Habitasul Pref,HABITASUL PNA,HABITASULPNA
HETA4,Hercules Pref,HERCULES PN,HERCULESPN
HOOT4,Hoteis Othon,HOTEIS OTHONPN,HOTEISOTHONPN
IDVL3,BI&P,INDUSVAL ON,INDUSVALON
JBDU3,Industrias JBDuarte,J B DUARTE ON,JBDUARTEON
JBDU4,Industrias JBDuarte Pref,J B DUARTE PN,JBDUARTEPN
JOPA3,Josapar Joaquim Oliveira,JOSAPAR ON,JOSAPARON
JOPA4,Josapar Joaquim Oliveira Pref,JOSAPAR PN,JOSAPARPN
KLBN3,KLABIN S/A ON N2,KLABIN S/A ON N2,KLABINS/AONN2
MNDL3,Mundial,MUNDIAL ON,MUNDIALON
MNPR3,Minupar Participacoes,MINUPAR ON,MINUPARON
MTSA4,METISA Pref,METISA PN,METISAPN
MWET4,Wetzel Pref,WETZEL S/A PN,WETZELS/APN
PEAB4,Alianca da Bahia Pref,PAR AL BAHIAPN,PARALBAHIAPN
PNVL3,Dimed,DIMED ON,DIMEDON
PNVL4,Dimed Pref,DIMED PN,DIMEDPN
RANI3,Celulose Irani,IRANI ON NM,IRANIONNM
RCSL3,Recrusul,RECRUSUL ON,RECRUSULON
RCSL4,Recrusul Pref,RECRUSUL PN,RECRUSULPN
REDE3,Rede Energia,REDE ENERGIAON,REDEENERGIAON
RPAD5,Alfa Holdings Pref A,ALFA HOLDINGPNA,ALFAHOLDINGPNA
RPAD6,Alfa Holdings Pref B,ALFA HOLDINGPNB,ALFAHOLDINGPNB
WLMM3,WLM Industria e Comercio,WLM IND COM ON,WLMINDCOMON
WLMM4,WLM Industria e Comercio,WLM IND COM PN,WLMINDCOMPN
SLED3,Saraiva,SARAIVA LIVRON N2,SARAIVALIVRONN2
SOND5,Sondotecnica Pref A,SONDOTECNICAPNA,SONDOTECNICAPNA
SOND6,Sondotecnica Pref B,SONDOTECNICAPNB,SONDOTECNICAPNB
TCNO4,Tecnosolo Pref,TECNOSOLO PN,TECNOSOLOPN
TELB3,Telebras,TELEBRAS ON,TELEBRASON
TRPL3,CTEEP,TRAN PAULISTON N1,TRANPAULISTONN1
UNIP5,Unipar Carbocloro Pref,UNIPAR PNA,UNIPARPNA
USIM6,USIMINAS PNB,USIMINAS PNB N1,USIMINASPNBN1
VULC3,Vulcabras Azaleia,VULCABRAS ON NM,VULCABRASONNM
VVAR3,Via Varejo,VIAVAREJO ON NM,VIAVAREJOONNM
WHRL4,Whirlpool Pref,WHIRLPOOL PN,WHIRLPOOLPN
ALMI11,FII Torre Almirante,FII TORRE ALCI,FIITORREALCI
ANCR11B,FII Ancar IC,FD INV IM ANCAR IC,FDINVIMANCARIC
BBFI11B,Progressivo,BB FDO DE INVST I,BBFDODEINVSTI
BCFF11,BB Renda Corporativa,FII BC FFII CI,FIIBCFFIICI
CEOC11,FII Ceo Cyrela Commercial,FII CEO CCP CI,FIICEOCCPCI
CNES11,FII Cenesp,FII CENESP CI,FIICENESPCI
MRSA6BF,MRS Logistica B,MRS LOGISTICA,MRSLOGISTICA
CXCE11B,FII CAIXA CEDAE,FD INV IMOB CAIXA,FDINVIMOBCAIXA
DRIT11B,Multigestao Renda Comercial,MULTIGESTAO RENDA,MULTIGESTAORENDA
EDFO11B,Edificio Ourinvest,FD INV IMOB ED OUR,FDINVIMOBEDOUR
EDGA11,FII Edificio Galeria,FII GALERIA CI,FIIGALERIACI
FAED11,FII Anhanguera Educacional,FII ANH EDUCCI,FIIANHEDUCCI
FAMB11B,FII Edificio Almirante Barroso,FD INV IM ALM BARR,FDINVIMALMBARR
FCFL11,Campus Faria Lima FII,FII CAMPUSFLCI,FIICAMPUSFLCI
FEXC11,FII Excellence,FII EXCELLENCI,FIIEXCELLENCI
FIIP11B,RB Capital,RB CAP RENDA I FD,RBCAPRENDAIFD
FLRP11,Floripa Shopping FII,FII FLORIPA CI,FIIFLORIPACI
HCRI11,FII Hospital da Crianca,FII CRIANCA CI,FIICRIANCACI
HTMX11,FII Hotel Maxinvest,FII HOTEL MXCI,FIIHOTELMXCI
JRDM11,FII BM Jardim Sul,FII SHOPJSULCI,FIISHOPJSULCI
MAXR11,Max Retail FII,FII MAX RET CI,FIIMAXRETCI
NSLU11,FII Nossa Senhora De Lourdes,FII LOURDES CI,FIILOURDESCI
TRNT11,FII Torre Norte,FII TORRE NOCI,FIITORRENOCI
ARNC34,Arconic BDR,HOWMET AERO DRN,HOWMETAERODRN
ABBV34,AbbVie DRC,ABBVIE DRN,ABBVIEDRN
BBYY34,Best Buy,BEST BUY DRN,BESTBUYDRN
BCRI11,Banestes Recebiveis FII,FII BEES CRICI,FIIBEESCRICI
BIIB34,Biogen DRC,BIOGEN DRN,BIOGENDRN
BLAK34,BlackRock DRC,BLACKROCK DRN,BLACKROCKDRN
COWC34,Costco Wholesale DRC,COSTCO DRN,COSTCODRN
CTSH34,Cognizant Tech DRC,COGNIZANT DRN,COGNIZANTDRN
CVSH34,CVS Health DRC,CVS HEALTH DRN,CVSHEALTHDRN
CXRI11,FII Caixa Rio Bravo,FII CX RBRAVCI,FIICXRBRAVCI
DEAI34,Delta Air Lines,DELTA DRN,DELTADRN
FSLR34,First Solar Inc,FIRST SOLAR DRN,FIRSTSOLARDRN
GILD34,Gilead Sciences DRC,GILEAD DRN,GILEADDRN
GOGL34,Alphabet A BDR,ALPHABET DRN A,ALPHABETDRNA
GOGL35,Alphabet C BDR,ALPHABET DRN C,ALPHABETDRNC
GPSI34,Gap,GAP DRN,GAPDRN
MACY34,Macy’s,MACY S DRN,MACYSDRN
MDTC34,Medtronic DRC,MEDTRONIC DRN,MEDTRONICDRN
RIGG34,Transocean,TRANSOCEAN DRN,TRANSOCEANDRN
ROST34,Ross Stores DRC,ROSS STORES DRN,ROSSSTORESDRN
SCHW34,Charles Schwab,SCHWAB DRN,SCHWABDRN
SSFO34,Salesforce.com DRC,SALESFORCE DRN,SALESFORCEDRN
TMOS34,Thermo Fisher Scientific,THERMFISCHERDRN,THERMFISCHERDRN
TRVC34,Travelers Companies DRC,TRAVELERS DRN,TRAVELERSDRN
USSX34,United States Steel,US STEEL DRN,USSTEELDRN
VLOE34,Valero Energy DRC,VALERO ENER DRN,VALEROENERDRN
WSON33,Wilson Sons,WILSON SONS DR3,WILSONSONSDR3
AALR3,Centro de Imagem Diagnosticos,ALLIAR ON NM,ALLIARONNM
AFLT3,Afluente Transmissao de Energia,AFLUENTE T ON,AFLUENTETON
BGIP3,Banco do Estado de Sergipe,BANESE ON,BANESEON
BNFS11,FII Banrisul Novas Fronteiras,FII BANRISULCI,FIIBANRISULCI
CBOP11,FII Castello Branco Office,FII C BRANCOCI,FIICBRANCOCI
CEBR3,CEB,CEB ON,CEBON
CEDO3,Cedro Cachoeira,CEDRO ON N1,CEDROONN1
ESUD11,FIP Infra-Estr BB Votorantim Ener Sustentavel II A,FIP IE II CI,FIPIEIICI
ESUT11,FIP Infra-Estr BB Votorantim Ener Sustentavel III,FIP IE III CI,FIPIEIIICI
FIIB11,FII Industrial do Brasil,FII INDL BR CI,FIIINDLBRCI
FIVN11,FII Vida Nova,FII VIDANOVACI,FIIVIDANOVACI
FMOF11,FII Memorial Office,FII MEMORIALCI,FIIMEMORIALCI
FNOR11,FINOR,FINOR CI *,FINORCI*
FSPE11,FI Setoriais Fiset Pesca,FISET PESCA CI,FISETPESCACI
FSTU11,Fuente Internacional de Servicios para Turistas,FISET TUR CI,FISETTURCI
GPAR3,Celgpar,CELGPAR ON,CELGPARON
GRLV11,CSHG GR Louveira FII,FII LOUVEIRACI,FIILOUVEIRACI
MAPT3,Cemepe Investimentos,CEMEPE ON,CEMEPEON
MMXM11,MMX Mineracao e Metalicos,MMX MINER TPR NM,MMXMINERTPRNM
PABY11,FII Panamby,FII PANAMBY CI,FIIPANAMBYCI
PATI4,Panatlantica,PANATLANTICAPN,PANATLANTICAPN
PLRI11,Polo FII Recebiveis Imobiliarios I,FII POLO I CI,FIIPOLOICI
PORD11,Polo FII Recebiveis Imobiliarios II,FII POLO CRICI,FIIPOLOCRICI
RBDS11,FII RB Capital Desenvolvimento Residencial II,FII RBRESID2CI,FIIRBRESID2CI
RPAD3,Alfa Holdings,ALFA HOLDINGON,ALFAHOLDINGON
SCPF11,SCP FII,FII SCP CI,FIISCPCI
VSPT3,Ferrovia Centro Atlantica,FER C ATLANTON,FERCATLANTON
XPOM11,FIP XP Omega I,FIP XP OMEGACI,FIPXPOMEGACI
AIGB34,AIG BDR,AIG GROUP DRN,AIGGROUPDRN
DUKB34,Duke Energy,DUKE ENERGY DRN,DUKEENERGYDRN
MOVI3,Movida Participacoes,MOVIDA ON NM,MOVIDAONNM
PARD3,Instituto Hermes Pardini,IHPARDINI ON NM,IHPARDINIONNM
BPAC11,Banco BTG,BTGP BANCO UNT N2,BTGPBANCOUNTN2
PPLA11,BTG Pactual Unit,PPLA UNT,PPLAUNT
AALL34,American Airlines DRC,AMERICAN AIRDRN,AMERICANAIRDRN
GMCO34,General Motors,GENERAL MOT DRN,GENERALMOTDRN
LBRN34,L Brands DRC,L BRANDS DRN,LBRANDSDRN
TWTR34,Twitter,TWITTER DRN,TWITTERDRN
UPAC34,Union Pacific,UNIONPACIFICDRN,UNIONPACIFICDRN
RNEW3,Renova Energia,RENOVA ON N2,RENOVAONN2
RNEW4,Renova Energia Pref,RENOVA PN N2,RENOVAPNN2
AZUL4,Azul SA Pref,AZUL PN N2,AZULPNN2
KNIP11,Kinea Private Equity,FII KINEA IPCI,FIIKINEAIPCI
TEND3,Tenda,TENDA ON NM,TENDAONNM
TSLA34,Tesla Motors DRC,TESLA INC DRN,TESLAINCDRN
CRFB3,Atacadao,CARREFOUR BRON NM,CARREFOURBRONNM
OMGE3,Omega Geracao,OMEGA GER ON NM,OMEGAGERONNM
IRBR3,IRB Brasil Resseguros,IRBBRASIL REON NM,IRBBRASILREONNM
GGRC11,GGR Covepi Renda FII,FII GGRCOVEPCI,FIIGGRCOVEPCI
GEPA3,Rio Paranapanema Energia,GER PARANAP ON,GERPARANAPON
SAPR3,SANEPAR ON N2,SANEPAR ON N2,SANEPARONN2
CAML3,Camil Alimentos,CAMIL ON NM,CAMILONNM
VISC11,Vinci Shopping Centers FII,FII VINCI SCCI,FIIVINCISCCI
SUZB3,Suzano Papel Celulose,SUZANO S.A. ON NM,SUZANOS.A.ONNM
SAPR11,Parana Sanepar Unit,SANEPAR UNT N2,SANEPARUNTN2
BRDT3,Petrobras Distribuidora,PETROBRAS BRON NM,PETROBRASBRONNM
NEOE3,NEOENERGIA,NEOENERGIA ON NM,NEOENERGIAONNM
BKBR3,BK BRASIL OPERACAO,BK BRASIL ON NM,BKBRASILONNM
FMXB34,Fomento Economico Mexicano DRC,FEMSA DRN,FEMSADRN
HONB34,Honeywell DRC,HONEYWELL DRN,HONEYWELLDRN
ALZR11,Alianza Trust Renda Imobiliaria,FII ALIANZA CI,FIIALIANZACI
DDNB34,DuPont Nemours,DUPONT N INCDRN,DUPONTNINCDRN
UBSG34,UBS BDR,UBS GROUP DRN,UBSGROUPDRN
TXRX4,Textil Renauxview Pref,TEX RENAUX PN,TEXRENAUXPN
OUJP11,Ourinvest JPP FII,FII OURI JPPCI,FIIOURIJPPCI
BCIA11,Bradesco Carteira Ativa FII,FII BCIA CI,FIIBCIACI
BOXP34,Boston Properties DRC,BOSTON PROP DRN,BOSTONPROPDRN
GPRO34,GoPro BDR,GOPRO DRN,GOPRODRN
MSPA3,Companhia Melhoramentos,MELHOR SP ON,MELHORSPON
HFOF11,Hedge Top Fofii 3 FII,FII HTOPFOF3CI,FIIHTOPFOF3CI
RBRF11,FII RBR ALPHA Fundo,FII RBRALPHACI,FIIRBRALPHACI
HAPV3,Hapvida,HAPVIDA ON NM,HAPVIDAONNM
GNDI3,Notre Dame,INTERMEDICA ON NM,INTERMEDICAONNM
BIDI4,Banco Inter PN,BANCO INTER PN N2,BANCOINTERPNN2
JPSA3,Jereissati Participacoes,JEREISSATI ON,JEREISSATION
GPIV33,GP Invest DRC A,GP INVEST DR3,GPINVESTDR3
IRDM11,IRIDIUM RECEBÍVEIS IMOBILIÁRIOS,FII IRIDIUM CI,FIIIRIDIUMCI
THRA11,FII CYRELA THERA CORPORATE,FII BM THERACI,FIIBMTHERACI
TAEE4,TAEE Pref,TAESA PN N2,TAESAPNN2
XPLG11,XP LOG FII,FII XP LOG CI,FIIXPLOGCI
RBRR11,FII RBR Rendimento High Grade,FII RBRHGRADCI,FIIRBRHGRADCI
WPLZ11,Fundo Inves,FII W PLAZA CI,FIIWPLAZACI
MGFF11,FII Mogno Fundo De Fundos,FII MOGNO CI,FIIMOGNOCI
TGAR11,FII TG Ativo Real,FII TG ATIVOCI,FIITGATIVOCI
HGRU11,CSHG RENDA URBANA FII,FII CSHG URBCI,FIICSHGURBCI
ALUP3,Alupar Invest,ALUPAR ON N2,ALUPARONN2
ALUP4,Alupar Invest Pref,ALUPAR PN N2,ALUPARPNN2
LOGG3,Log Commercial Properties,LOG COM PROPON NM,LOGCOMPROPONNM
KNHY11,KINEA HIGH YIELD CRI FII,FII KINEA HYCI,FIIKINEAHYCI
OUCY11,OURINVESTY CYRELA FII,FII OURICYRECI,FIIOURICYRECI
FVPQ11,FII VIA PARQUE SHOPPING,FII V PARQUECI,FIIVPARQUECI
CARE11,Brazilian Graveyard and Death Care Services FII,FII DEA CARECI,FIIDEACARECI
TAEE3,TAEE 3,TAESA ON N2,TAESAONN2
XPIN11,FII XP Industrial,FII XP INDL CI,FIIXPINDLCI
VSHO11,FI Imobiliario Votorantim Shopping,FII VOT SHOPCI,FIIVOTSHOPCI
AZEV3,Azevedo Travassos,AZEVEDO ON,AZEVEDOON
AHEB3,Sao Paulo Turismo,SPTURIS ON,SPTURISON
BALM3,Baumer,BAUMER ON,BAUMERON
BPAC3,Banco BTG Pactual,BTGP BANCO ON N2,BTGPBANCOONN2
EALT3,Electro Aco Altona,ACO ALTONA ON,ACOALTONAON
ECPR3,Encorpar,ENCORPAR ON,ENCORPARON
HAGA3,Haga Industria Comercio,HAGA S/A ON,HAGAS/AON
LIPR3,Eletrobras Eletropar,ELETROPAR ON,ELETROPARON
PATI3,Panatlantica,PANATLANTICAON,PANATLANTICAON
PEAB3,Alianca Bahia,PAR AL BAHIAON,PARALBAHIAON
SULA3,Sul America Pref,SUL AMERICA ON N2,SULAMERICAONN2
BPAC5,Banco BTG Pactual Pref,BTGP BANCO PNA N2,BTGPBANCOPNAN2
BRGE11,Alfa Administracao Pref E,ALFA CONSORCPNE,ALFACONSORCPNE
BRGE12,Alfa Administracao Pref F,ALFA CONSORCPNF,ALFACONSORCPNF
BRGE6,Alfa Administracao Pref,ALFA CONSORCPNB,ALFACONSORCPNB
CORR4,Correa Ribeiro,COR RIBEIRO PN,CORRIBEIROPN
EEEL4,Estadual Geracao Transmissao,CEEE-GT PN N1,CEEE-GTPNN1
ENMT4,Energisa Mato Grosso,ENERGISA MT PN,ENERGISAMTPN
LUXM4,Trevisa Invest,TREVISA PN,TREVISAPN
MERC4,Mercantil Brasil Financeira,MERC FINANC PN,MERCFINANCPN
RSUL4,Metalurgica Riosulense,RIOSULENSE PN,RIOSULENSEPN
SULA4,Sul America,SUL AMERICA PN N2,SULAMERICAPNN2
PATC11,PATRIA EDIFICIOS CORPORATIVOS FII,FII PATRIA CI,FIIPATRIACI
BBDC3,BRADESCO ON,BRADESCO ON N1,BRADESCOONN1
VGIR11,VALORA RE III FII,FII VALREIIICI,FIIVALREIIICI
VILG11,VINCI LOGISTICA FII,FII VINCILOGCI,FIIVINCILOGCI
CNTO3,Grupo SBF,CENTAURO ON NM,CENTAUROONNM
BTCR11,FII BTG PACTUAL CREDITO IMOBILIARIO,FII BTG CRI CI,FIIBTGCRICI
MELI34,Mercadolibre BDR,MERCADOLIBREDRN,MERCADOLIBREDRN
MOAR3,Monteiro Aranha,MONT ARANHA ON,MONTARANHAON
RBVA11,FII Rio Bravo Rendo Varejo,FII RIOB VA CI,FIIRIOBVACI
MRSA3B,MRS Logistica,MRS LOGISTICA,MRSLOGISTICA
VTLT11,FI Imobiliario Votorantim Logistica,FII VOT LOG CI,FIIVOTLOGCI
GTWR11,FII Green Towers,FII G TOWERSCI,FIIGTOWERSCI
BIDI11,Banco Inter Unit,BANCO INTER UNT N2,BANCOINTERUNTN2
BIDI3,Banco Inter ON,BANCO INTER ON N2,BANCOINTERONN2
DMAC11,MAC Fundo de Investimento Imobiliario,FII MAC CI,FIIMACCI
HCTR11,Hectare Ce Fdo Inv Imob,FII HECTARE CI,FIIHECTARECI
HSML11,HSI Malls FII,FII HSI MALLCI,FIIHSIMALLCI
XPHT11,XP HOTEIS FDO INV IMOB,FII XP HOT CI,FIIXPHOTCI
XPHT12,XP HOTEIS FII,FII XP HOT CI,FIIXPHOTCI
HABT11,FII HABIT II,FII HABIT IICI,FIIHABITIICI
RECT11,FII UBS (BR) OFFICE,FII REC RENDCI,FIIRECRENDCI
AQLL11,Áquilla,FII AQUILLA CI,FIIAQUILLACI
ARFI11B,Áquilla Renda,AQ3 RENDA FD DE IN,AQ3RENDAFDDEIN
ATCR11,HAZ,FII HAZ CI,FIIHAZCI
BARI11,Barigui Rendimento Imobiliários I,FII BARIGUI CI,FIIBARIGUICI
BBIM11,BB Recebiveis Imobiliários,FII BB RECIMCI,FIIBBRECIMCI
BMII11,Brasilio Machado,FII BRASILIOCI,FIIBRASILIOCI
BPRP11,FII BRLPROP,FII BRLPROP CI,FIIBRLPROPCI
BRHT11B,BR Hotéis,FII BR HOTEIS,FIIBRHOTEIS
BVAR11,Brasil Varejo,FII B VAREJOCI,FIIBVAREJOCI
DAMT11B,Diamante,DIAMANTE FUNDO INV,DIAMANTEFUNDOINV
DOVL11B,DOVEL,DOVEL FD DE INVST,DOVELFDDEINVST
ELDO11B,Eldorado,ELDORADO FD INV IM,ELDORADOFDINVIM
ERPA11,Europa 105,FII EUROPA CI,FIIEUROPACI
FINF11,Infra Real State,FII INFRA RECI,FIIINFRARECI
FISC11,SC 401,FII SC 401 CI,FIISC401CI
FISD11,São Domingos,FII DOMINGOSCI,FIIDOMINGOSCI
FPNG11,Pedra Negra Renda Imobiliária,FII P NEGRA CI,FIIPNEGRACI
FTCE11B,Opportunity,OPPORTUNITY FD IMB,OPPORTUNITYFDIMB
GESE11B,General Severiano,FD DE INV IMOB GEN,FDDEINVIMOBGEN
HGFF11,CSHG Imobiliário FOF,FII CSHG FOFCI,FIICSHGFOFCI
HUSC11,Hospital Unimed Sul Capixaba,FII H UNIMEDCI,FIIHUNIMEDCI
JPPC11,JPP Capital,FII JPP CAPICI,FIIJPPCAPICI
KINP11,Even Permuta Kinea,FII EV KINEACI,FIIEVKINEACI
LATR11B,Lateres,LATERES FD INV IMB,LATERESFDINVIMB
NCHB11,NCH Brasil Recebíveis Imobiliários,FII NCH BRA CI,FIINCHBRACI
NPAR11,Nestpar,FII NESTPAR CI,FIINESTPARCI
NVHO11,Novo Horizonte,FII NOVOHORICI ER,FIINOVOHORICIER
NVIF11B,Nova I,NOVA I FDO INV IMB,NOVAIFDOINVIMB
ORPD11,Ouro Preto Desenvolvimento Imobiliário I,FII OURO PRTCI,FIIOUROPRTCI
PBLV11,Prologis Brazil Logistics Venture,FII PROLOGISCI,FIIPROLOGISCI
PRSN11B,Personale I,PERSONALE I FUNDO,PERSONALEIFUNDO
PRTS11,Multi Properties,FII MULTPROPCI,FIIMULTPROPCI
RBCO11,RB Capital Office Income,FII R INCOMECI,FIIRINCOMECI
RBFF11,Rio Bravo IFIX,FII RIOB FF CI,FIIRIOBFFCI
RBRP11,RBR Properties,FII RBR PROPCI,FIIRBRPROPCI
RBRY11,RBR Private Crédito Imobiliário,FII RBR PCRICI,FIIRBRPCRICI
RCFA11,Grupo RCFA,FII GP RCFA CI,FIIGPRCFACI
RCRI11B,RB Capital Rendimentos,RB CAP RENDI IMOB,RBCAPRENDIIMOB
RDPD11,BB Renda de Papeis Imobiliários II,FII BB PAPIICI,FIIBBPAPIICI
REIT11,Socopa Fundo de Investimento Imobiliário,FII REIT RIVCI,FIIREITRIVCI
SADI11,Santander Papeis Imobiliários CDI,FII SANT PAPCI,FIISANTPAPCI
SAIC11B,Sia Corporate,FUNDO INVEST IMOB,FUNDOINVESTIMOB
SFND11,São Fernando,FII SAO FER CI,FIISAOFERCI
SHDP11B,Shopping Parque Dom Pedro,FII SHOP PARQUE DP,FIISHOPPARQUEDP
SHOP11,Multi Shoppings,FII MULTSHOPCI,FIIMULTSHOPCI
SPAF11,SPA Fundo de Investimento Imobiliário,FII SPA CI,FIISPACI
STRX11,STARX FII,FII STARX CI ES,FIISTARXCIES
TORM13,Tourmalet I,FII TOURMALECI,FIITOURMALECI
TOUR11,Tourmalet II,FII TOUR II CI,FIITOURIICI
TSNC11,Transinc,FII TRANSINCCI,FIITRANSINCCI
VERE11,Vereda,FII VEREDA CI,FIIVEREDACI
VLJS11,Vector Queluz Lajes Corporativas,FII VQ LAJESCI,FIIVQLAJESCI
VPSI11,Polo Shopping Indaiatuba,FII POLO SHOCI,FIIPOLOSHOCI
WTSP11B,Ourinvest RE I,FII OURINVEST RE I,FIIOURINVESTREI
VIVA3,Vivara,VIVARA S.A. ON NM,VIVARAS.A.ONNM
CEAB3,C A Modas SA,CEA MODAS ON NM,CEAMODASONNM
BMGB4,Banco BMG ON,BANCO BMG PN N1,BANCOBMGPNN1
RBCO11,Rb Cap,FII R INCOMECI,FIIRINCOMECI
IBFF11,Integral Brei Reit,FII FOF BREICI,FIIFOFBREICI
CVBI11,Vbi Cri,FII VBI CRI CI,FIIVBICRICI
HRDF11,Hedge Realty,FII HREALTY CI,FIIHREALTYCI
RSPD11,Rb Cap,FII RBRESID3CI,FIIRBRESID3CI
TCPF11,Treecorp,FII TREECORPCI,FIITREECORPCI
